gene_id,evidence,go_id
100423062,HDA,GO:0070062
100423062,IBA,GO:0016064
100423062,IBA,GO:0071735
100423062,IBA,GO:0003823
10273,IBA,GO:0000209
10273,IBA,GO:0006515
10273,IBA,GO:0043161
10273,IBA,GO:0045862
10273,IBA,GO:0071218
10273,IBA,GO:0005737
10273,IBA,GO:0030018
10273,IDA,GO:0000209
10273,IDA,GO:0006513
10273,IDA,GO:0006515
10273,IDA,GO:0016567
10273,IDA,GO:0031398
10273,IDA,GO:0031647
10273,IDA,GO:0031943
10273,IDA,GO:0032436
10273,IDA,GO:0043161
10273,IDA,GO:0050821
10273,IDA,GO:0051865
10273,IDA,GO:0070534
10273,IDA,GO:0071218
10273,IDA,GO:0090035
10273,IDA,GO:0000151
10273,IDA,GO:0005634
10273,IDA,GO:0005654
10273,IDA,GO:0005737
10273,IDA,GO:0005783
10273,IDA,GO:0005829
10273,IDA,GO:0042405
10273,IDA,GO:0004842
10273,IDA,GO:0030911
10273,IDA,GO:0051787
10273,IDA,GO:0051879
10273,IDA,GO:0061630
10273,IEA,GO:0006281
10273,IEA,GO:0010614
10273,IEA,GO:0030968
10273,IEA,GO:1904694
10273,IGI,GO:0061630
10273,IMP,GO:0000209
10273,IMP,GO:0006511
10273,IMP,GO:0016567
10273,IMP,GO:0030512
10273,IMP,GO:0034392
10273,IMP,GO:0036503
10273,IMP,GO:0043161
10273,IMP,GO:0045862
10273,IMP,GO:1904294
10273,IMP,GO:0004842
10273,IMP,GO:0061630
10273,IPI,GO:0101031
10273,IPI,GO:0001664
10273,IPI,GO:0005515
10273,IPI,GO:0019899
10273,IPI,GO:0019900
10273,IPI,GO:0030544
10273,IPI,GO:0031072
10273,IPI,GO:0031625
10273,IPI,GO:0042803
10273,IPI,GO:0046332
10273,IPI,GO:0051087
10273,IPI,GO:0070412
10273,ISS,GO:0000165
10273,ISS,GO:0006511
10273,ISS,GO:0034392
10273,ISS,GO:0034393
10273,ISS,GO:0035359
10273,ISS,GO:1901526
10273,ISS,GO:0005737
10273,ISS,GO:0005739
10273,ISS,GO:0034450
10273,NAS,GO:0048156
10273,TAS,GO:0030512
10273,TAS,GO:0038128
10273,TAS,GO:0043161
10273,TAS,GO:0005829
10273,TAS,GO:0031371
10273,TAS,GO:0004842
10273,TAS,GO:0030674
10273,TAS,GO:0061630
10294,HDA,GO:0070062
10294,IBA,GO:0042026
10294,IBA,GO:0005737
10294,IBA,GO:0005829
10294,IDA,GO:0042026
10294,IDA,GO:0005829
10294,IDA,GO:0001671
10294,IDA,GO:0051082
10294,IEA,GO:0009408
10294,IEA,GO:0016020
10294,IEA,GO:0005524
10294,IEA,GO:0008270
10294,IEA,GO:0030544
10294,IPI,GO:0005515
10294,IPI,GO:0051087
10294,TAS,GO:0008284
10294,TAS,GO:0005829
10394,HDA,GO:0062023
10394,HDA,GO:0030021
10394,IDA,GO:0001694
10394,IDA,GO:0017148
10394,IDA,GO:0019370
10394,IDA,GO:0032757
10394,IDA,GO:0042119
10394,IDA,GO:0042554
10394,IDA,GO:0045575
10394,IEA,GO:0006955
10394,IEA,GO:0030246
10394,RCA,GO:0030021
10394,TAS,GO:0005576
10394,TAS,GO:0035580
10394,TAS,GO:1904724
10423,HDA,GO:0016020
10423,IBA,GO:0006661
10423,IBA,GO:0005794
10423,IBA,GO:0003881
10423,IDA,GO:0006661
10423,IDA,GO:0016020
10423,IDA,GO:0003881
10423,IEA,GO:0005886
10423,IEA,GO:0046872
10423,IPI,GO:0005515
10423,TAS,GO:0005789
1047,IBA,GO:0006457
1047,IBA,GO:0036503
1047,IBA,GO:0005789
1047,IBA,GO:0005509
1047,IEA,GO:0007339
1047,IEA,GO:0065003
1047,IEA,GO:0005635
1047,IEA,GO:0044183
1047,IEA,GO:0051082
1047,TAS,GO:0007338
1047,TAS,GO:0005783
10482,HDA,GO:0003723
10482,IBA,GO:0016973
10482,IBA,GO:0005634
10482,IBA,GO:0003723
10482,IDA,GO:0006406
10482,IDA,GO:0000346
10482,IDA,GO:0005634
10482,IDA,GO:0005654
10482,IDA,GO:0005737
10482,IDA,GO:0016607
10482,IEA,GO:0015031
10482,IEA,GO:0005643
10482,IEA,GO:0010494
10482,IEA,GO:0042405
10482,IEA,GO:0003729
10482,IPI,GO:0042272
10482,IPI,GO:0005515
10482,ISS,GO:0006406
10482,ISS,GO:0005634
10482,TAS,GO:0005654
10482,TAS,GO:0005829
10618,IBA,GO:0005768
10618,IBA,GO:0005802
10618,IBA,GO:0030140
10618,IDA,GO:0005654
10618,IDA,GO:0005794
10618,IDA,GO:0005802
10618,IPI,GO:0005515
10618,TAS,GO:0005788
10618,TAS,GO:0005886
10618,TAS,GO:0030133
10618,TAS,GO:0030669
10857,HDA,GO:0016020
10857,IBA,GO:0005783
10857,IBA,GO:0012505
10857,IBA,GO:0016020
10857,IDA,GO:0006783
10857,IDA,GO:0020037
10857,IDA,GO:0042803
10857,IEA,GO:0005576
10857,IEA,GO:0030868
10857,IEA,GO:0005496
10857,IEA,GO:0046872
10857,IMP,GO:0140077
10857,IMP,GO:1903078
10857,IPI,GO:0005515
10857,ISS,GO:0005741
10857,ISS,GO:0043005
10857,ISS,GO:0043025
10857,ISS,GO:0044297
10857,ISS,GO:0045202
10857,TAS,GO:0005783
10857,TAS,GO:0005886
10857,TAS,GO:0035579
10857,TAS,GO:0001540
10857,TAS,GO:0020037
11248,IBA,GO:0005102
11248,IEA,GO:0005576
11248,NAS,GO:0007218
140689,HDA,GO:0062023
140689,IBA,GO:0045202
140689,IEA,GO:0009306
140689,IEA,GO:0099550
140689,IEA,GO:0005615
140689,IEA,GO:0043083
140689,IEA,GO:0098978
140689,ISS,GO:1904862
140689,ISS,GO:0005576
140689,ISS,GO:0098982
1468,EXP,GO:0005310
1468,HDA,GO:0005634
1468,HTP,GO:0005739
1468,IBA,GO:0015709
1468,IBA,GO:0015729
1468,IBA,GO:0035435
1468,IBA,GO:0071422
1468,IBA,GO:0071423
1468,IBA,GO:1902358
1468,IBA,GO:0015116
1468,IBA,GO:0015117
1468,IBA,GO:0015131
1468,IBA,GO:0015140
1468,IBA,GO:0015141
1468,IDA,GO:0005654
1468,IDA,GO:0005739
1468,IEA,GO:0006869
1468,IEA,GO:0046166
1468,IEA,GO:1902356
1468,IEA,GO:0005315
1468,IEA,GO:0015297
1468,IPI,GO:0005515
1468,TAS,GO:0006094
1468,TAS,GO:0006811
1468,TAS,GO:0006835
1468,TAS,GO:0070221
1468,TAS,GO:0005743
1468,TAS,GO:0005310
147719,IBA,GO:0044853
147719,IEA,GO:0098552
147719,TAS,GO:0005576
147719,TAS,GO:0005886
170482,IBA,GO:0061760
170482,IBA,GO:0009897
170482,IBA,GO:0030246
170482,IBA,GO:0038187
170482,IEA,GO:0002250
170482,IEA,GO:0046872
170482,IPI,GO:0005515
170482,TAS,GO:0005886
170482,TAS,GO:0030667
170482,TAS,GO:0070821
170482,TAS,GO:0101003
1774,IBA,GO:0006308
1774,IBA,GO:0005634
1774,IBA,GO:0003677
1774,IBA,GO:0004530
1774,IDA,GO:0005783
1774,IPI,GO:0005515
1774,TAS,GO:0006259
1774,TAS,GO:0005576
1774,TAS,GO:0035580
1774,TAS,GO:0004536
1908,IBA,GO:0003100
1908,IBA,GO:0006874
1908,IBA,GO:0014826
1908,IBA,GO:0045987
1908,IBA,GO:0005615
1908,IBA,GO:0005179
1908,IDA,GO:0002690
1908,IDA,GO:0003100
1908,IDA,GO:0007166
1908,IDA,GO:0008284
1908,IDA,GO:0010460
1908,IDA,GO:0014824
1908,IDA,GO:0014826
1908,IDA,GO:0030072
1908,IDA,GO:0030593
1908,IDA,GO:0042310
1908,IDA,GO:0043406
1908,IDA,GO:0045840
1908,IDA,GO:0046887
1908,IDA,GO:0005615
1908,IDA,GO:0005179
1908,IEA,GO:0001755
1908,IEA,GO:0007411
1908,IEA,GO:0008283
1908,IEA,GO:0010961
1908,IEA,GO:0019229
1908,IEA,GO:0030318
1908,IEA,GO:0048070
1908,IEA,GO:0048675
1908,IEA,GO:0051649
1908,IEA,GO:0071805
1908,IEA,GO:1901381
1908,IGI,GO:0010468
1908,IGI,GO:0045597
1908,IPI,GO:0031708
1908,TAS,GO:0007165
1908,TAS,GO:0007267
1908,TAS,GO:0008015
1908,TAS,GO:0005576
1908,TAS,GO:0005102
2045,IBA,GO:0007411
2045,IBA,GO:0048013
2045,IBA,GO:0005886
2045,IBA,GO:0030425
2045,IBA,GO:0005005
2045,IDA,GO:0048013
2045,IDA,GO:0050730
2045,IDA,GO:0070372
2045,IDA,GO:0005886
2045,IEA,GO:0007173
2045,IEA,GO:0008286
2045,IEA,GO:0008543
2045,IEA,GO:0031290
2045,IEA,GO:0031547
2045,IEA,GO:0035790
2045,IEA,GO:0035791
2045,IEA,GO:0036323
2045,IEA,GO:0038063
2045,IEA,GO:0038084
2045,IEA,GO:0038109
2045,IEA,GO:0038145
2045,IEA,GO:0048009
2045,IEA,GO:0048012
2045,IEA,GO:0048671
2045,IEA,GO:0050804
2045,IEA,GO:0051402
2045,IEA,GO:0051964
2045,IEA,GO:0072178
2045,IEA,GO:0099175
2045,IEA,GO:0098978
2045,IEA,GO:0005006
2045,IEA,GO:0005007
2045,IEA,GO:0005008
2045,IEA,GO:0005009
2045,IEA,GO:0005010
2045,IEA,GO:0005011
2045,IEA,GO:0005018
2045,IEA,GO:0005019
2045,IEA,GO:0005020
2045,IEA,GO:0005021
2045,IEA,GO:0005524
2045,IEA,GO:0008288
2045,IEA,GO:0019838
2045,IEA,GO:0036332
2045,IEA,GO:0038062
2045,IEA,GO:0060175
2045,IPI,GO:0005515
2045,ISS,GO:0007420
2045,ISS,GO:0016310
2045,ISS,GO:0022407
2045,ISS,GO:0031952
2045,ISS,GO:0043525
2045,ISS,GO:0048755
2045,ISS,GO:0050919
2045,ISS,GO:0004713
2045,ISS,GO:0005004
2045,ISS,GO:0008046
2045,ISS,GO:0045499
2045,TAS,GO:0005886
2215,HDA,GO:0070062
2215,IBA,GO:0001788
2215,IBA,GO:0007166
2215,IBA,GO:0009897
2215,IBA,GO:0019770
2215,IDA,GO:0005886
2215,IDA,GO:0034235
2215,IEA,GO:0038094
2215,IEA,GO:0019864
2215,TAS,GO:0006955
2215,TAS,GO:0005576
2215,TAS,GO:0005886
2215,TAS,GO:0030667
23105,IBA,GO:0030154
23105,IBA,GO:0030510
23105,IBA,GO:0005576
23105,IEA,GO:0031549
23105,IEA,GO:0048671
23105,IEA,GO:0061000
23105,IEA,GO:0030141
23105,IEA,GO:0005509
23105,IEA,GO:0048403
23621,IBA,GO:0006509
23621,IBA,GO:0050435
23621,IBA,GO:0005768
23621,IBA,GO:0005802
23621,IBA,GO:0005886
23621,IDA,GO:0006508
23621,IDA,GO:0006509
23621,IDA,GO:0016485
23621,IDA,GO:0034205
23621,IDA,GO:0050435
23621,IDA,GO:0005764
23621,IDA,GO:0005768
23621,IDA,GO:0005769
23621,IDA,GO:0005770
23621,IDA,GO:0005771
23621,IDA,GO:0005794
23621,IDA,GO:0005802
23621,IDA,GO:0005886
23621,IDA,GO:0009986
23621,IDA,GO:0055037
23621,IDA,GO:0004175
23621,IDA,GO:0004190
23621,IDA,GO:0008233
23621,IEA,GO:0010288
23621,IEA,GO:0050966
23621,IEA,GO:0060134
23621,IEA,GO:0071280
23621,IEA,GO:0071287
23621,IEA,GO:0099171
23621,IEA,GO:0140448
23621,IEA,GO:1904646
23621,IEA,GO:0008021
23621,IEA,GO:0030424
23621,IEA,GO:0030425
23621,IEA,GO:0043025
23621,IEA,GO:0045121
23621,IEA,GO:0098686
23621,IGI,GO:0043525
23621,IPI,GO:0001540
23621,IPI,GO:0005515
23621,IPI,GO:0019899
23621,IPI,GO:0120283
23621,ISS,GO:0042987
23621,ISS,GO:0009986
23621,NAS,GO:0016020
23621,TAS,GO:0006509
23621,TAS,GO:1990000
23621,TAS,GO:0005788
23621,TAS,GO:0005886
23621,TAS,GO:0010008
23621,TAS,GO:0070931
23621,TAS,GO:0008798
23753,IDA,GO:0005783
23753,IDA,GO:0051787
23753,IEA,GO:0036503
23753,IEA,GO:0042981
23753,IEA,GO:0071218
23753,IEA,GO:0005788
23753,IEA,GO:0016020
23753,IEA,GO:0034663
23753,IEA,GO:0051087
23753,IEA,GO:0051117
23753,IMP,GO:0051085
23753,IPI,GO:0101031
23753,IPI,GO:0005515
250,IBA,GO:0005886
250,IBA,GO:0004035
250,IDA,GO:0005886
250,IDA,GO:0009986
250,IDA,GO:0004035
250,IEA,GO:0098552
250,IPI,GO:0005515
250,ISS,GO:0000287
250,ISS,GO:0008270
250,NAS,GO:0004035
255738,HDA,GO:0003723
255738,IBA,GO:0005615
255738,IBA,GO:0004252
255738,IC,GO:0031232
255738,IDA,GO:0001920
255738,IDA,GO:0002091
255738,IDA,GO:0002092
255738,IDA,GO:0007041
255738,IDA,GO:0010469
255738,IDA,GO:0010989
255738,IDA,GO:0016540
255738,IDA,GO:0032802
255738,IDA,GO:0032805
255738,IDA,GO:1905596
255738,IDA,GO:1905598
255738,IDA,GO:1905601
255738,IDA,GO:2000650
255738,IDA,GO:0005615
255738,IDA,GO:0005737
255738,IDA,GO:0005764
255738,IDA,GO:0005769
255738,IDA,GO:0005770
255738,IDA,GO:0005783
255738,IDA,GO:0005794
255738,IDA,GO:0005886
255738,IDA,GO:0009986
255738,IDA,GO:0048471
255738,IDA,GO:1990666
255738,IDA,GO:1990667
255738,IDA,GO:0004252
255738,IDA,GO:0019871
255738,IDA,GO:0030547
255738,IDA,GO:0034190
255738,IDA,GO:0070326
255738,IEA,GO:0006641
255738,IEA,GO:0006644
255738,IEA,GO:0006915
255738,IEA,GO:0008203
255738,IEA,GO:0042157
255738,IEA,GO:0030134
255738,IMP,GO:0042632
255738,IMP,GO:0043525
255738,IPI,GO:1990667
255738,IPI,GO:0005515
255738,IPI,GO:0050750
255738,ISS,GO:0001822
255738,ISS,GO:0001889
255738,ISS,GO:0009267
255738,ISS,GO:0022008
255738,ISS,GO:0030182
255738,ISS,GO:0032869
255738,ISS,GO:0043523
255738,ISS,GO:0030169
255738,ISS,GO:0034185
255738,ISS,GO:0034189
255738,TAS,GO:0005576
255738,TAS,GO:0005765
255738,TAS,GO:0005788
255738,TAS,GO:0036020
259197,IBA,GO:0002429
259197,IBA,GO:0030101
259197,IBA,GO:0045954
259197,IDA,GO:0002429
259197,IDA,GO:0030101
259197,IDA,GO:0051132
259197,IDA,GO:0005886
259197,IDA,GO:0140375
259197,IMP,GO:0045954
259197,IPI,GO:0005515
259197,IPI,GO:0042802
259197,NAS,GO:0006954
259197,NAS,GO:0006955
259197,TAS,GO:0008037
259197,TAS,GO:0005886
25963,IBA,GO:0042147
25963,IBA,GO:0005794
25963,IBA,GO:0032580
25963,IDA,GO:0032580
25963,IDA,GO:0098782
25963,IEA,GO:0000139
25963,IEA,GO:0001726
25963,IEA,GO:0005829
25963,IEA,GO:0005886
25963,IGI,GO:0042147
25963,IMP,GO:0050976
25963,IMP,GO:0071260
2660,IBA,GO:0005615
2660,IBA,GO:0005125
2660,IC,GO:0061450
2660,IDA,GO:0045662
2660,IDA,GO:0045893
2660,IDA,GO:0046716
2660,IDA,GO:0051898
2660,IDA,GO:0005615
2660,IDA,GO:0005125
2660,IDA,GO:0043539
2660,IEA,GO:0007179
2660,IEA,GO:0009629
2660,IEA,GO:0014732
2660,IEA,GO:0014741
2660,IEA,GO:0014816
2660,IEA,GO:0014850
2660,IEA,GO:0022602
2660,IEA,GO:0033574
2660,IEA,GO:0043627
2660,IEA,GO:0045471
2660,IEA,GO:0046627
2660,IEA,GO:0051602
2660,IEA,GO:0071456
2660,IEA,GO:0071549
2660,IEA,GO:0008083
2660,IEA,GO:0008201
2660,IEA,GO:0042803
2660,IMP,GO:0048632
2660,IPI,GO:0005102
2660,IPI,GO:0005515
2660,IPI,GO:0042802
2660,ISS,GO:0010592
2660,ISS,GO:0010759
2660,ISS,GO:0014839
2660,ISS,GO:1902723
2660,ISS,GO:1902725
2660,ISS,GO:2000818
2660,TAS,GO:0007517
329,EXP,GO:0004842
329,EXP,GO:0016740
329,IBA,GO:0031398
329,IBA,GO:0043066
329,IBA,GO:0051726
329,IBA,GO:0060546
329,IBA,GO:0005634
329,IBA,GO:0005737
329,IBA,GO:0043027
329,IBA,GO:0061630
329,IDA,GO:0000209
329,IDA,GO:0043066
329,IDA,GO:0043161
329,IDA,GO:0051726
329,IDA,GO:1902523
329,IDA,GO:1902524
329,IDA,GO:1902527
329,IDA,GO:0005634
329,IDA,GO:0005737
329,IDA,GO:0004842
329,IDA,GO:0008270
329,IDA,GO:0043130
329,IEA,GO:0001666
329,IEA,GO:0001890
329,IEA,GO:0006915
329,IEA,GO:0045471
329,IEA,GO:0045893
329,IEA,GO:0051591
329,IEA,GO:0070266
329,IEA,GO:1901222
329,IEA,GO:1902443
329,IEA,GO:2000377
329,IEA,GO:0001741
329,IEA,GO:0044877
329,IEP,GO:0043123
329,IMP,GO:0042981
329,IMP,GO:0060544
329,IMP,GO:0003713
329,IPI,GO:0005515
329,IPI,GO:0042802
329,IPI,GO:0051087
329,IPI,GO:0098770
329,ISS,GO:0009898
329,ISS,GO:0035631
329,TAS,GO:0007166
329,TAS,GO:0007249
329,TAS,GO:0033209
329,TAS,GO:0034121
329,TAS,GO:0038061
329,TAS,GO:0039535
329,TAS,GO:0042127
329,TAS,GO:0043066
329,TAS,GO:0045088
329,TAS,GO:0045595
329,TAS,GO:0050727
329,TAS,GO:0060544
329,TAS,GO:0070424
329,TAS,GO:0005829
329,TAS,GO:0004842
3301,HDA,GO:0016020
3301,HDA,GO:0070062
3301,IBA,GO:0042026
3301,IBA,GO:0005737
3301,IBA,GO:0005829
3301,IDA,GO:0031397
3301,IDA,GO:0051223
3301,IDA,GO:1903748
3301,IDA,GO:1905259
3301,IDA,GO:0005829
3301,IDA,GO:0015630
3301,IDA,GO:0016020
3301,IDA,GO:0001671
3301,IDA,GO:0030544
3301,IDA,GO:0050750
3301,IEA,GO:0007283
3301,IEA,GO:0009408
3301,IEA,GO:0030317
3301,IEA,GO:0030521
3301,IEA,GO:0005634
3301,IEA,GO:0005739
3301,IEA,GO:0048471
3301,IEA,GO:0005524
3301,IEA,GO:0008270
3301,IEA,GO:0051082
3301,IMP,GO:0043065
3301,IMP,GO:0043066
3301,IMP,GO:0043508
3301,IMP,GO:0070585
3301,IPI,GO:0001664
3301,IPI,GO:0005515
3301,IPI,GO:0030957
3301,IPI,GO:0031625
3301,IPI,GO:0051087
3301,IPI,GO:0055131
3301,TAS,GO:0006457
3301,TAS,GO:0006986
3301,TAS,GO:0005829
3301,TAS,GO:0098554
3315,HDA,GO:0005615
3315,HDA,GO:0005925
3315,HDA,GO:0070062
3315,HDA,GO:0003723
3315,HMP,GO:0070527
3315,IBA,GO:0009408
3315,IBA,GO:0042026
3315,IBA,GO:0043066
3315,IBA,GO:0005634
3315,IBA,GO:0005737
3315,IBA,GO:0051082
3315,IDA,GO:0005634
3315,IDA,GO:0005737
3315,IDA,GO:0042803
3315,IEA,GO:0001533
3315,IEA,GO:0005819
3315,IEA,GO:0030018
3315,IEA,GO:1904115
3315,IEP,GO:0009615
3315,IMP,GO:0001932
3315,IMP,GO:0035556
3315,IMP,GO:0035924
3315,IMP,GO:0043536
3315,IMP,GO:0045766
3315,IMP,GO:0048010
3315,IMP,GO:0061077
3315,IMP,GO:0099641
3315,IMP,GO:2001028
3315,IMP,GO:0044183
3315,IPI,GO:0005515
3315,IPI,GO:0019901
3315,IPI,GO:0042802
3315,IPI,GO:0061629
3315,ISS,GO:0006469
3315,ISS,GO:0032731
3315,ISS,GO:0032760
3315,ISS,GO:0043122
3315,ISS,GO:1902176
3315,ISS,GO:0000502
3315,ISS,GO:0005080
3315,ISS,GO:0008426
3315,ISS,GO:0043130
3315,NAS,GO:0006986
3315,NAS,GO:0010506
3315,TAS,GO:0006446
3315,TAS,GO:0043066
3315,TAS,GO:0005737
3315,TAS,GO:0005829
3315,TAS,GO:0005856
3423,IBA,GO:0005737
3423,IBA,GO:0004423
3423,IDA,GO:0006027
3423,IDA,GO:0005764
3423,IDA,GO:0004423
3423,IDA,GO:0005509
3423,IEA,GO:0030200
3423,IEA,GO:0030209
3423,IPI,GO:0005515
3423,TAS,GO:0043202
3568,IBA,GO:0008284
3568,IBA,GO:0019221
3568,IBA,GO:0009897
3568,IBA,GO:0043235
3568,IBA,GO:0004896
3568,IBA,GO:0019955
3568,IDA,GO:0038043
3568,IDA,GO:0005886
3568,IDA,GO:0004914
3568,IEA,GO:0002437
3568,IEA,GO:0032674
3568,IPI,GO:0005515
3568,TAS,GO:0007165
3568,TAS,GO:0070665
3568,TAS,GO:0005615
3568,TAS,GO:0005886
3568,TAS,GO:0016020
3594,IBA,GO:0008284
3594,IBA,GO:0019221
3594,IBA,GO:0009897
3594,IBA,GO:0043235
3594,IBA,GO:0004896
3594,IBA,GO:0019955
3594,IC,GO:0007165
3594,IC,GO:0005886
3594,IDA,GO:0002230
3594,IDA,GO:0002827
3594,IDA,GO:0032729
3594,IDA,GO:0035722
3594,IDA,GO:0038155
3594,IDA,GO:0042104
3594,IDA,GO:0071346
3594,IDA,GO:0042022
3594,IDA,GO:0072536
3594,IDA,GO:0015026
3594,IDA,GO:0016517
3594,IDA,GO:0042020
3594,IMP,GO:0032729
3594,IPI,GO:0005143
3594,IPI,GO:0042019
3594,ISS,GO:0001916
3594,ISS,GO:0002230
3594,ISS,GO:0002827
3594,ISS,GO:0043382
3594,ISS,GO:2000318
3594,ISS,GO:2000330
3594,TAS,GO:0019221
3594,TAS,GO:0005886
3594,TAS,GO:0004896
3671,HDA,GO:0070062
3671,TAS,GO:0007155
3671,TAS,GO:0005576
3671,TAS,GO:0031093
3817,HDA,GO:0070062
3817,IBA,GO:0003073
3817,IBA,GO:0031638
3817,IBA,GO:0005615
3817,IBA,GO:0030141
3817,IBA,GO:0004252
3817,IDA,GO:0004252
3817,TAS,GO:0005576
387758,IEA,GO:0005576
387758,IEA,GO:0005783
387758,IEA,GO:0005794
387758,IEA,GO:0042803
387758,ND,GO:0008150
387758,ND,GO:0005575
387758,ND,GO:0003674
3949,EXP,GO:0060090
3949,HDA,GO:0016020
3949,IBA,GO:0090118
3949,IBA,GO:0005769
3949,IBA,GO:0005886
3949,IBA,GO:0071813
3949,IC,GO:0005041
3949,IDA,GO:0001920
3949,IDA,GO:0010989
3949,IDA,GO:0005764
3949,IDA,GO:0005769
3949,IDA,GO:0005770
3949,IDA,GO:0005794
3949,IDA,GO:0005905
3949,IDA,GO:0009897
3949,IDA,GO:0009986
3949,IDA,GO:0043231
3949,IDA,GO:0043235
3949,IDA,GO:1990666
3949,IDA,GO:0005041
3949,IDA,GO:0030229
3949,IEA,GO:0001523
3949,IEA,GO:0008203
3949,IEA,GO:0010628
3949,IEA,GO:0010629
3949,IEA,GO:0034384
3949,IEA,GO:0042159
3949,IEA,GO:0046718
3949,IEA,GO:0048844
3949,IEA,GO:0050729
3949,IEA,GO:0071398
3949,IEA,GO:0090181
3949,IEA,GO:0034362
3949,IEA,GO:0036477
3949,IEA,GO:0097443
3949,IEA,GO:0001618
3949,IEA,GO:0005509
3949,IGI,GO:0007616
3949,IGI,GO:0042632
3949,IGI,GO:0051246
3949,IGI,GO:0061771
3949,IMP,GO:0030299
3949,IMP,GO:0030301
3949,IMP,GO:0034383
3949,IMP,GO:0042632
3949,IMP,GO:0070508
3949,IMP,GO:0071404
3949,IMP,GO:0090118
3949,IMP,GO:0005041
3949,IMP,GO:0030169
3949,IPI,GO:1990666
3949,IPI,GO:0002020
3949,IPI,GO:0005515
3949,IPI,GO:0042802
3949,ISS,GO:0006898
3949,ISS,GO:0006909
3949,ISS,GO:0010867
3949,ISS,GO:0010899
3949,ISS,GO:0015914
3949,ISS,GO:0034381
3949,ISS,GO:0051248
3949,ISS,GO:0061889
3949,ISS,GO:0070508
3949,ISS,GO:0097242
3949,ISS,GO:0150094
3949,ISS,GO:1903979
3949,ISS,GO:1905167
3949,ISS,GO:1905907
3949,ISS,GO:0005886
3949,ISS,GO:0009986
3949,ISS,GO:0016323
3949,ISS,GO:0045177
3949,ISS,GO:0001540
3949,TAS,GO:0006629
3949,TAS,GO:0006897
3949,TAS,GO:0006898
3949,TAS,GO:0030301
3949,TAS,GO:0034381
3949,TAS,GO:0005886
3949,TAS,GO:0010008
3949,TAS,GO:0030669
3949,TAS,GO:0036020
3949,TAS,GO:0032050
51050,HDA,GO:0070062
51050,IBA,GO:0005615
51050,IEA,GO:0030414
5156,HDA,GO:0016020
5156,IBA,GO:0007169
5156,IBA,GO:0008284
5156,IBA,GO:0016477
5156,IBA,GO:0048701
5156,IBA,GO:0005886
5156,IBA,GO:0043235
5156,IBA,GO:0005018
5156,IDA,GO:0008284
5156,IDA,GO:0010544
5156,IDA,GO:0018108
5156,IDA,GO:0030335
5156,IDA,GO:0034614
5156,IDA,GO:0038091
5156,IDA,GO:0046777
5156,IDA,GO:0048008
5156,IDA,GO:0048146
5156,IDA,GO:0005654
5156,IDA,GO:0005829
5156,IDA,GO:0005886
5156,IDA,GO:0005929
5156,IDA,GO:0016604
5156,IDA,GO:0030054
5156,IDA,GO:0032991
5156,IDA,GO:0004672
5156,IDA,GO:0004714
5156,IDA,GO:0005018
5156,IDA,GO:0005021
5156,IDA,GO:0042803
5156,IDA,GO:0048407
5156,IEA,GO:0001701
5156,IEA,GO:0002244
5156,IEA,GO:0007173
5156,IEA,GO:0008210
5156,IEA,GO:0008286
5156,IEA,GO:0008543
5156,IEA,GO:0023019
5156,IEA,GO:0030198
5156,IEA,GO:0030324
5156,IEA,GO:0030325
5156,IEA,GO:0030539
5156,IEA,GO:0031547
5156,IEA,GO:0033327
5156,IEA,GO:0035791
5156,IEA,GO:0036323
5156,IEA,GO:0038063
5156,IEA,GO:0038109
5156,IEA,GO:0038145
5156,IEA,GO:0042475
5156,IEA,GO:0048009
5156,IEA,GO:0048012
5156,IEA,GO:0048013
5156,IEA,GO:0050872
5156,IEA,GO:0060021
5156,IEA,GO:0060325
5156,IEA,GO:0060326
5156,IEA,GO:0071230
5156,IEA,GO:0005902
5156,IEA,GO:0009897
5156,IEA,GO:0005004
5156,IEA,GO:0005005
5156,IEA,GO:0005006
5156,IEA,GO:0005007
5156,IEA,GO:0005008
5156,IEA,GO:0005009
5156,IEA,GO:0005010
5156,IEA,GO:0005011
5156,IEA,GO:0005019
5156,IEA,GO:0005020
5156,IEA,GO:0005524
5156,IEA,GO:0008288
5156,IEA,GO:0036332
5156,IEA,GO:0038062
5156,IEA,GO:0044877
5156,IEA,GO:0060175
5156,IMP,GO:0008284
5156,IMP,GO:0030335
5156,IMP,GO:0035790
5156,IMP,GO:0050850
5156,IMP,GO:0050921
5156,IMP,GO:0070374
5156,IMP,GO:0070527
5156,IMP,GO:2000739
5156,IMP,GO:0005018
5156,IMP,GO:0160185
5156,IPI,GO:1990270
5156,IPI,GO:0005161
5156,IPI,GO:0005515
5156,IPI,GO:0038085
5156,IPI,GO:0048407
5156,ISS,GO:0001553
5156,ISS,GO:0042060
5156,ISS,GO:0048557
5156,ISS,GO:0048704
5156,ISS,GO:0055003
5156,ISS,GO:0061298
5156,ISS,GO:0072277
5156,ISS,GO:0005634
5156,ISS,GO:0005737
5156,ISS,GO:0005794
5156,ISS,GO:0005929
5156,NAS,GO:0035790
5156,TAS,GO:0001775
5156,TAS,GO:0032956
5156,TAS,GO:0051897
5156,TAS,GO:0005789
5156,TAS,GO:0005886
51726,HDA,GO:0016020
51726,IBA,GO:0051604
51726,IBA,GO:0005783
51726,IBA,GO:0051082
51726,IBA,GO:0051787
51726,IDA,GO:0032781
51726,IDA,GO:0005783
51726,IDA,GO:0051787
51726,IEA,GO:0006457
51726,IEA,GO:0016556
51726,IEA,GO:0050768
51726,IEA,GO:0005615
51726,IEA,GO:0005634
51726,IEA,GO:0034663
51726,IEA,GO:0005102
51726,IMP,GO:0051604
51726,IPI,GO:0101031
51726,IPI,GO:0005515
51726,TAS,GO:0005783
51726,TAS,GO:0005788
54431,HDA,GO:0016020
54431,IBA,GO:0036498
54431,IBA,GO:0005788
54431,IBA,GO:0015035
54431,IBA,GO:0016671
54431,IBA,GO:0051787
54431,IDA,GO:0001933
54431,IDA,GO:0034975
54431,IDA,GO:0034976
54431,IDA,GO:0070059
54431,IDA,GO:0005783
54431,IDA,GO:0005788
54431,IDA,GO:0034663
54431,IDA,GO:0015035
54431,IDA,GO:0051087
54431,IDA,GO:0051787
54431,IMP,GO:0036503
54431,IPI,GO:0005515
54431,IPI,GO:0030544
54431,IPI,GO:0051117
54431,ISS,GO:0032781
54431,ISS,GO:0001671
54431,ISS,GO:0015036
55288,HDA,GO:0016020
55288,HTP,GO:0005739
55288,IBA,GO:0007005
55288,IBA,GO:0047497
55288,IBA,GO:0005741
55288,IBA,GO:0003924
55288,IBA,GO:0005525
55288,IDA,GO:0005741
55288,IEA,GO:0005509
55288,IMP,GO:0010821
55288,IMP,GO:0019725
55288,IMP,GO:0047497
55288,IMP,GO:0097345
55288,IPI,GO:0005515
55288,NAS,GO:0005739
55288,TAS,GO:0005741
5553,HDA,GO:0062023
5553,HDA,GO:0070062
5553,HDA,GO:0030021
5553,IEA,GO:0002215
5553,IEA,GO:0006955
5553,IEA,GO:0010936
5553,IEA,GO:0032693
5553,IEA,GO:0032753
5553,IEA,GO:0042742
5553,IEA,GO:0030133
5553,IEA,GO:0008201
5553,IEA,GO:0030246
5553,IPI,GO:0005515
5553,RCA,GO:0030021
5553,TAS,GO:0005576
5553,TAS,GO:1904813
55750,HTP,GO:0005739
55750,IBA,GO:0046512
55750,IBA,GO:0046513
55750,IBA,GO:0005737
55750,IBA,GO:0005739
55750,IBA,GO:0016020
55750,IBA,GO:0001729
55750,IBA,GO:0004143
55750,IBA,GO:0017050
55750,IBA,GO:0047620
55750,IDA,GO:0045039
55750,IDA,GO:0005739
55750,IDA,GO:0005743
55750,IDA,GO:0005758
55750,IDA,GO:0031966
55750,IDA,GO:0042721
55750,IDA,GO:0043231
55750,IDA,GO:0004143
55750,IDA,GO:0047620
55750,IEA,GO:0046486
55750,IEA,GO:0046834
55750,IEA,GO:0005524
55750,IPI,GO:0042721
55750,IPI,GO:0005515
55750,TAS,GO:0005741
55750,TAS,GO:0005829
56886,HDA,GO:0070062
56886,IBA,GO:0018279
56886,IBA,GO:0005783
56886,IBA,GO:0003980
56886,IBA,GO:0051082
56886,IDA,GO:0005783
56886,IDA,GO:0032991
56886,IDA,GO:0003980
56886,IDA,GO:0051082
56886,IEA,GO:0097359
56886,IEA,GO:0044322
56886,IPI,GO:0005515
56886,ISS,GO:0005793
56886,TAS,GO:0051084
56886,TAS,GO:1904380
56886,TAS,GO:0005788
56886,TAS,GO:0003980
56975,HDA,GO:0070062
56975,IBA,GO:0070166
56975,IBA,GO:0004674
56975,IDA,GO:0006468
56975,IDA,GO:0000139
56975,IDA,GO:0005615
56975,IDA,GO:0005654
56975,IDA,GO:0005794
56975,IDA,GO:0004672
56975,IDA,GO:0004674
56975,IDA,GO:0030145
56975,IEA,GO:0006338
56975,IEA,GO:0030501
56975,IEA,GO:0036179
56975,IEA,GO:0040036
56975,IEA,GO:0045669
56975,IEA,GO:0051174
56975,IEA,GO:0071895
56975,IEA,GO:0097187
56975,IEA,GO:0004676
56975,IEA,GO:0004677
56975,IEA,GO:0004679
56975,IEA,GO:0004694
56975,IEA,GO:0004711
56975,IEA,GO:0005509
56975,IEA,GO:0005524
56975,IEA,GO:0035175
56975,IEA,GO:0035402
56975,IEA,GO:0035403
56975,IEA,GO:0035979
56975,IEA,GO:0044022
56975,IEA,GO:0044023
56975,IEA,GO:0044024
56975,IEA,GO:0044025
56975,IEA,GO:0072354
56975,IEA,GO:0072371
56975,IEA,GO:0072518
56975,IEA,GO:0106310
56975,IEA,GO:0140823
56975,IEA,GO:0140855
56975,IEA,GO:0140857
56975,IEA,GO:1990244
56975,IMP,GO:0031214
56975,IPI,GO:0002020
56975,IPI,GO:0005515
56975,TAS,GO:0043687
56975,TAS,GO:0005788
56975,TAS,GO:0004674
5727,IBA,GO:0045879
5727,IBA,GO:0005886
5727,IBA,GO:0008158
5727,IDA,GO:0010875
5727,IDA,GO:0072659
5727,IDA,GO:0005794
5727,IDA,GO:0005886
5727,IDA,GO:0005901
5727,IDA,GO:0043231
5727,IDA,GO:0045177
5727,IDA,GO:0048471
5727,IDA,GO:0015485
5727,IEA,GO:0001658
5727,IEA,GO:0001701
5727,IEA,GO:0001709
5727,IEA,GO:0001843
5727,IEA,GO:0003007
5727,IEA,GO:0007286
5727,IEA,GO:0007346
5727,IEA,GO:0009410
5727,IEA,GO:0009612
5727,IEA,GO:0009957
5727,IEA,GO:0010157
5727,IEA,GO:0010839
5727,IEA,GO:0021522
5727,IEA,GO:0021904
5727,IEA,GO:0030850
5727,IEA,GO:0032355
5727,IEA,GO:0032526
5727,IEA,GO:0032880
5727,IEA,GO:0035137
5727,IEA,GO:0042593
5727,IEA,GO:0043616
5727,IEA,GO:0045606
5727,IEA,GO:0045893
5727,IEA,GO:0048568
5727,IEA,GO:0051782
5727,IEA,GO:0060603
5727,IEA,GO:0060644
5727,IEA,GO:0061005
5727,IEA,GO:0071679
5727,IEA,GO:0072089
5727,IEA,GO:0072203
5727,IEA,GO:0097421
5727,IEA,GO:2000647
5727,IEA,GO:0030496
5727,IEA,GO:0044294
5727,IEA,GO:0044295
5727,IEA,GO:0045211
5727,IEA,GO:0005113
5727,IEA,GO:0008201
5727,IEA,GO:0044877
5727,IEP,GO:0048745
5727,IEP,GO:0072205
5727,IMP,GO:0000122
5727,IMP,GO:0021532
5727,IMP,GO:0035108
5727,IMP,GO:0043433
5727,IMP,GO:0045668
5727,IMP,GO:0060037
5727,IMP,GO:0061053
5727,IMP,GO:0071397
5727,IPI,GO:0005119
5727,IPI,GO:0005515
5727,IPI,GO:0030332
5727,IPI,GO:0097108
5727,ISS,GO:0007224
5727,ISS,GO:0007420
5727,ISS,GO:0008589
5727,ISS,GO:0009887
5727,ISS,GO:0009953
5727,ISS,GO:0016485
5727,ISS,GO:0021997
5727,ISS,GO:0030326
5727,ISS,GO:0040015
5727,ISS,GO:0071397
5727,TAS,GO:0045879
5727,TAS,GO:0030666
5727,TAS,GO:0060170
5954,IBA,GO:0005783
5954,IBA,GO:0005509
5954,IDA,GO:0005783
5954,IEA,GO:0001701
5954,IEA,GO:0043010
5954,IPI,GO:0005515
5954,TAS,GO:0005788
6158,HDA,GO:0016020
6158,HDA,GO:0022625
6158,HDA,GO:0070062
6158,HDA,GO:0003723
6158,IBA,GO:0022625
6158,IC,GO:0002181
6158,IDA,GO:0022625
6158,IDA,GO:0022626
6158,IDA,GO:0030425
6158,IDA,GO:0036464
6158,IDA,GO:0044297
6158,IDA,GO:0003735
6158,IEA,GO:0045202
6158,IPI,GO:0022625
6158,IPI,GO:0005515
6158,NAS,GO:0002181
6158,NAS,GO:0006412
6158,NAS,GO:0005737
6158,NAS,GO:0003735
6158,TAS,GO:0005829
64100,IBA,GO:0048240
64100,IBA,GO:0009986
64100,IBA,GO:0008201
64100,IEA,GO:0007338
64100,IEA,GO:0005576
64174,IDA,GO:1901749
64174,IDA,GO:0016805
64174,IEA,GO:0006508
64174,IEA,GO:0098552
64174,IEA,GO:0046872
64174,IEA,GO:0070573
64174,ISS,GO:0006691
64174,ISS,GO:0016020
64174,ISS,GO:0016805
6576,HDA,GO:0005634
6576,HDA,GO:0070062
6576,HTP,GO:0005739
6576,IBA,GO:0006843
6576,IBA,GO:0005739
6576,IBA,GO:0071913
6576,IDA,GO:0006843
6576,IDA,GO:0015142
6576,IDA,GO:0071913
6576,IEA,GO:0015297
6576,ISS,GO:0005743
6576,TAS,GO:0006811
6576,TAS,GO:0015137
6576,TAS,GO:0015142
6901,HTP,GO:0005739
6901,IBA,GO:0007007
6901,IBA,GO:0035965
6901,IBA,GO:0031966
6901,IBA,GO:0047184
6901,IC,GO:0005743
6901,IDA,GO:0035965
6901,IDA,GO:0005739
6901,IDA,GO:0005758
6901,IDA,GO:0047184
6901,IEA,GO:1900210
6901,IEA,GO:2001171
6901,IEA,GO:0005741
6901,IMP,GO:0000423
6901,IMP,GO:0035965
6901,IMP,GO:0042407
6901,TAS,GO:0035965
6901,TAS,GO:0005743
6901,TAS,GO:0003841
6901,TAS,GO:0008374
6901,TAS,GO:0047184
6997,IBA,GO:0001568
6997,IBA,GO:0007368
6997,IBA,GO:0007507
6997,IBA,GO:0009952
6997,IBA,GO:0038092
6997,IBA,GO:0005576
6997,IBA,GO:0009986
6997,IBA,GO:0038100
6997,IBA,GO:0070697
6997,IDA,GO:0007173
6997,IDA,GO:0007507
6997,IDA,GO:0008284
6997,IDA,GO:0009966
6997,IDA,GO:0010595
6997,IDA,GO:0018105
6997,IDA,GO:0030335
6997,IDA,GO:0035729
6997,IDA,GO:0043066
6997,IDA,GO:0043406
6997,IDA,GO:0043410
6997,IDA,GO:0044344
6997,IDA,GO:0050731
6997,IDA,GO:0071346
6997,IDA,GO:0071354
6997,IDA,GO:0071356
6997,IDA,GO:0071364
6997,IDA,GO:0005615
6997,IDA,GO:0009986
6997,IDA,GO:0016324
6997,IDA,GO:0045121
6997,IDA,GO:0005102
6997,IDA,GO:0008083
6997,IEA,GO:0098552
6997,IMP,GO:0002042
6997,IPI,GO:0005515
6997,ISS,GO:0008595
6997,ISS,GO:0019897
6997,TAS,GO:0001763
6997,TAS,GO:0008284
6997,TAS,GO:0009792
6997,TAS,GO:0030154
6997,TAS,GO:0030879
6997,TAS,GO:0005886
713,HDA,GO:0062023
713,HDA,GO:0072562
713,IDA,GO:0006958
713,IDA,GO:0005576
713,IEA,GO:0045087
713,IEA,GO:0005581
713,IPI,GO:0062167
713,IPI,GO:0005515
713,ISS,GO:0098883
713,ISS,GO:0045202
713,ISS,GO:0098794
713,NAS,GO:0006958
713,NAS,GO:0005576
713,NAS,GO:0005602
713,TAS,GO:0006956
713,TAS,GO:0005576
7180,IBA,GO:0019953
7180,IBA,GO:0005615
7186,EXP,GO:0004842
7186,IBA,GO:0033209
7186,IBA,GO:0043123
7186,IBA,GO:0005737
7186,IBA,GO:1990604
7186,IBA,GO:0004842
7186,IBA,GO:0035591
7186,IC,GO:0009898
7186,IDA,GO:0023035
7186,IDA,GO:0033209
7186,IDA,GO:0038061
7186,IDA,GO:0042110
7186,IDA,GO:0042981
7186,IDA,GO:0043507
7186,IDA,GO:0045087
7186,IDA,GO:0051092
7186,IDA,GO:0051865
7186,IDA,GO:0070534
7186,IDA,GO:0160162
7186,IDA,GO:1905669
7186,IDA,GO:1905670
7186,IDA,GO:0002947
7186,IDA,GO:0005737
7186,IDA,GO:0005829
7186,IDA,GO:0097057
7186,IDA,GO:1990604
7186,IDA,GO:0004842
7186,IDA,GO:0030674
7186,IDA,GO:0031625
7186,IDA,GO:0046625
7186,IDA,GO:0061630
7186,IEA,GO:0002637
7186,IEA,GO:0023019
7186,IEA,GO:0030163
7186,IEA,GO:0034351
7186,IEA,GO:0046328
7186,IEA,GO:0048255
7186,IEA,GO:0071732
7186,IEA,GO:0097300
7186,IEA,GO:0097400
7186,IEA,GO:1903265
7186,IEA,GO:0005938
7186,IEA,GO:0012506
7186,IEA,GO:0045121
7186,IEA,GO:0008270
7186,IEA,GO:0031435
7186,IEA,GO:0044877
7186,IMP,GO:0002726
7186,IMP,GO:0032743
7186,IMP,GO:0043123
7186,IMP,GO:0043254
7186,IMP,GO:0051091
7186,IMP,GO:0051092
7186,IMP,GO:2001238
7186,IPI,GO:0000151
7186,IPI,GO:0005164
7186,IPI,GO:0005515
7186,IPI,GO:0019899
7186,IPI,GO:0019901
7186,IPI,GO:0019903
7186,IPI,GO:0030674
7186,IPI,GO:0031625
7186,IPI,GO:0031996
7186,IPI,GO:0042802
7186,IPI,GO:0043120
7186,ISS,GO:0065003
7186,ISS,GO:0009898
7186,ISS,GO:0035631
7186,ISS,GO:0005174
7186,NAS,GO:0034976
7186,TAS,GO:0007165
7186,TAS,GO:0051865
7186,TAS,GO:0070059
7186,TAS,GO:0005654
7186,TAS,GO:0005829
765,HDA,GO:0005615
765,HDA,GO:0070062
765,IBA,GO:0005615
765,IBA,GO:0004089
765,IDA,GO:0001580
765,IDA,GO:0005615
765,IEA,GO:0005829
765,IEA,GO:0008270
765,TAS,GO:0005576
7706,EXP,GO:0004842
7706,HDA,GO:0003723
7706,HDA,GO:0045296
7706,IDA,GO:0002753
7706,IDA,GO:0006979
7706,IDA,GO:0043123
7706,IDA,GO:0043627
7706,IDA,GO:0045087
7706,IDA,GO:0046596
7706,IDA,GO:0070936
7706,IDA,GO:0140374
7706,IDA,GO:0005654
7706,IDA,GO:0005737
7706,IDA,GO:0005829
7706,IDA,GO:0010494
7706,IDA,GO:0016604
7706,IDA,GO:0003713
7706,IDA,GO:0061630
7706,IEA,GO:0033280
7706,IEA,GO:0044790
7706,IEA,GO:0045893
7706,IEA,GO:0046597
7706,IEA,GO:1990830
7706,IEA,GO:0008270
7706,IEA,GO:0016874
7706,IMP,GO:0006511
7706,IMP,GO:0006513
7706,IMP,GO:0019076
7706,IMP,GO:0036503
7706,IMP,GO:0039529
7706,IMP,GO:0051091
7706,IMP,GO:0051092
7706,IMP,GO:0061630
7706,IPI,GO:0005515
7706,IPI,GO:0039552
7706,ISS,GO:0032880
7706,TAS,GO:0045087
7706,TAS,GO:0005654
7706,TAS,GO:0005829
79600,IBA,GO:0060271
79600,IBA,GO:1904491
79600,IBA,GO:0036038
79600,IEA,GO:0001701
79600,IEA,GO:0001841
79600,IEA,GO:0008589
79600,IEA,GO:0021523
79600,IEA,GO:0021537
79600,IEA,GO:0021904
79600,IEA,GO:0021956
79600,IEA,GO:0005615
79600,IEA,GO:0005856
79600,IEA,GO:0016020
79600,TAS,GO:0005829
79630,IEA,GO:0009611
79630,IEA,GO:0043491
79630,IEA,GO:2001013
79630,IEA,GO:0005576
8000,HDA,GO:0070062
8000,IBA,GO:0095500
8000,IBA,GO:0005886
8000,IBA,GO:0030548
8000,IBA,GO:0033130
8000,IDA,GO:0070373
8000,IDA,GO:0099601
8000,IDA,GO:0005886
8000,IDA,GO:0033130
8000,IEA,GO:0045202
8000,IEA,GO:0098552
8000,TAS,GO:0005576
8000,TAS,GO:0005886
83729,HDA,GO:0062023
83729,IBA,GO:0005615
83729,IBA,GO:0005125
83729,IEA,GO:0007165
83729,IEA,GO:0005179
83729,IEA,GO:0008083
84569,IBA,GO:0003796
84569,IEA,GO:0005576
84617,HDA,GO:0005634
84617,HDA,GO:0070062
84617,IBA,GO:0000226
84617,IBA,GO:0000278
84617,IBA,GO:0005737
84617,IBA,GO:0005874
84617,IBA,GO:0005200
84617,IBA,GO:0005525
84617,IDA,GO:0005874
84617,IDA,GO:0015630
84617,IDA,GO:0045171
84617,IDA,GO:0072686
84617,IEA,GO:0003924
84617,IEA,GO:0046872
84617,IPI,GO:0005515
8547,HDA,GO:0072562
8547,IBA,GO:0001867
8547,IBA,GO:0005615
8547,IBA,GO:0062023
8547,IBA,GO:0003823
8547,IBA,GO:0005102
8547,IBA,GO:0097367
8547,IDA,GO:0001867
8547,IDA,GO:0006508
8547,IDA,GO:0006956
8547,IDA,GO:0043654
8547,IDA,GO:0051607
8547,IDA,GO:1902679
8547,IDA,GO:1903028
8547,IDA,GO:1905370
8547,IDA,GO:0003823
8547,IEA,GO:0005581
8547,IEA,GO:0030246
8547,IEA,GO:0046872
8547,IMP,GO:0046597
8547,IPI,GO:0005515
8547,NAS,GO:0002752
8547,NAS,GO:0005576
8547,NAS,GO:0005615
8547,NAS,GO:0009897
8547,TAS,GO:0005576
8604,HDA,GO:0005739
8604,HTP,GO:0005739
8604,IBA,GO:0015810
8604,IBA,GO:0015813
8604,IBA,GO:0005313
8604,IBA,GO:0015183
8604,IDA,GO:0015810
8604,IDA,GO:0015813
8604,IDA,GO:0051592
8604,IDA,GO:0005739
8604,IDA,GO:0005743
8604,IDA,GO:0000514
8604,IDA,GO:0000515
8604,IDA,GO:0005509
8604,IDA,GO:0042802
8604,IEA,GO:0015804
8604,IEA,GO:0070778
8604,IEA,GO:1902600
8604,IGI,GO:0043490
8604,IPI,GO:0005515
8604,NAS,GO:0016020
8604,TAS,GO:0005743
8749,IBA,GO:0006508
8749,IBA,GO:0007155
8749,IBA,GO:0007339
8749,IBA,GO:0008584
8749,IBA,GO:0005886
8749,IBA,GO:0004222
8749,IEA,GO:0007283
8749,IEA,GO:0030154
8749,TAS,GO:0016020
8749,TAS,GO:0008237
8836,HDA,GO:0005634
8836,HDA,GO:0070062
8836,IBA,GO:0046900
8836,IBA,GO:0005773
8836,IBA,GO:0034722
8836,IDA,GO:0005615
8836,IDA,GO:0034722
8836,IEA,GO:0042470
8836,IPI,GO:0005515
8836,TAS,GO:0005576
8836,TAS,GO:0035578
8836,TAS,GO:0035580
8836,TAS,GO:1904724
8836,TAS,GO:0008238
8836,TAS,GO:0008242
90701,IBA,GO:0006465
90701,IBA,GO:0005787
90701,IBA,GO:0008233
90701,IDA,GO:0006465
90701,IDA,GO:0005787
90701,IDA,GO:0005789
90701,IDA,GO:0004252
90701,IPI,GO:0005787
90701,IPI,GO:0005515
90701,TAS,GO:0005789
9093,HTP,GO:0005739
9093,IBA,GO:0007005
9093,IBA,GO:0005739
9093,IBA,GO:0019901
9093,IDA,GO:0000122
9093,IDA,GO:0008285
9093,IDA,GO:0005739
9093,IDA,GO:0005759
9093,IDA,GO:0005884
9093,IDA,GO:0043231
9093,IEA,GO:0006264
9093,IEA,GO:0006457
9093,IEA,GO:0006924
9093,IEA,GO:0007264
9093,IEA,GO:0009408
9093,IEA,GO:0033077
9093,IEA,GO:0042102
9093,IEA,GO:0043069
9093,IEA,GO:0090398
9093,IEA,GO:0005634
9093,IEA,GO:0005829
9093,IEA,GO:0005524
9093,IEA,GO:0008270
9093,IEA,GO:0030544
9093,IEA,GO:0030695
9093,IEA,GO:0051082
9093,IPI,GO:0005515
9093,ISS,GO:0071340
9093,ISS,GO:0009898
9093,ISS,GO:0031594
9093,ISS,GO:0045211
93436,IBA,GO:0002244
93436,IDA,GO:0005829
9450,IBA,GO:0031666
9450,IBA,GO:0045087
9450,IEA,GO:0006954
9450,IEA,GO:0031663
9450,IEA,GO:0005576
9450,IGI,GO:0031666
9450,IPI,GO:0005515
9507,HDA,GO:0062023
9507,IBA,GO:0006508
9507,IBA,GO:0030198
9507,IBA,GO:0031012
9507,IBA,GO:0004222
9507,IDA,GO:0005615
9507,IDA,GO:0016607
9507,IDA,GO:0008233
9507,IDA,GO:0008237
9507,IDA,GO:0008270
9507,IPI,GO:0002020
9507,IPI,GO:0005515
9507,TAS,GO:0001501
9507,TAS,GO:0022617
9507,TAS,GO:0005576
9507,TAS,GO:0004222
9601,HDA,GO:0003723
9601,IBA,GO:0006457
9601,IBA,GO:0034976
9601,IBA,GO:0005783
9601,IBA,GO:0009986
9601,IBA,GO:0003756
9601,IDA,GO:0005615
9601,IDA,GO:0009986
9601,IDA,GO:0015035
9601,IEA,GO:0005788
9601,IEA,GO:0042470
9601,IPI,GO:0005515
9601,ISS,GO:0061077
9601,TAS,GO:0009306
