identifier,symbol,0h,4h,8h,12h,24h
10010,TANK,325.66,443.36,377.52,482.2,247.03
10024,TROAP,455.9,374.54,406.85,454.76,272.55
10026,PIGK,4.8,30.1,238.8,86.32,419.61
100534599,ISY1-RAB43,135.54,60.93,70.84,250.14,40.83
10075,HUWE1,101.73,295.48,344.85,116.0,54.79
10078,TSSC4,237.06,219.56,426.72,270.71,471.15
10133,OPTN,56.37,378.57,110.55,201.67,405.23
10146,G3BP1,334.21,395.77,40.72,361.2,379.72
10168,ZNF197,198.74,414.94,298.49,442.15,58.58
10189,ALYREF,315.04,179.84,240.01,463.55,499.63
10200,MPHOSPH6,373.11,246.46,291.21,106.14,459.08
10204,NUTF2,131.23,399.84,268.73,137.53,366.51
10241,CALCOCO2,278.79,428.15,87.77,374.89,441.18
10253,SPRY2,340.6,482.66,384.22,278.53,89.45
1027,CDKN1B,411.4,11.04,221.54,180.25,276.39
102724652,LOC102724652,266.58,105.03,39.8,480.65,287.45
10273,STUB1,127.22,425.9,299.88,139.87,97.33
10287,RGS19,303.57,246.64,362.19,434.3,400.31
10293,TRAIP,71.31,329.16,70.75,109.4,356.43
10294,DNAJA2,308.78,8.5,348.98,163.98,161.28
10308,ZNF267,72.0,326.1,457.49,128.85,113.04
10309,CCNO,204.71,128.1,192.33,127.81,327.94
10313,RTN3,373.58,382.09,330.45,45.26,145.78
10385,BTN2A2,66.58,356.54,217.48,74.99,163.75
103910,MYL12B,79.36,232.59,249.03,95.19,352.45
10398,MYL9,361.09,473.89,174.15,495.29,14.05
10413,YAP1,385.22,10.96,282.61,137.6,217.31
10419,PRMT5,30.01,98.5,333.41,317.92,162.93
10423,CDIPT,69.39,189.0,259.12,121.66,78.74
10424,PGRMC2,225.2,311.08,184.12,469.36,290.85
1047,CLGN,167.88,272.55,279.13,352.03,211.17
10477,UBE2E3,9.96,204.55,155.6,39.95,43.05
10480,EIF3M,167.54,398.57,66.72,438.78,411.54
10482,NXF1,62.77,457.7,248.48,408.07,352.04
10488,CREB3,306.77,282.53,417.26,108.45,496.84
10498,CARM1,220.24,128.8,392.0,494.85,7.15
10513,APPBP2,39.52,194.76,424.63,399.78,343.95
10529,NEBL,66.3,137.91,233.39,482.39,446.06
10542,LAMTOR5,131.27,106.02,452.38,34.66,448.63
10551,AGR2,314.12,277.22,83.35,428.89,141.87
10573,MRPL28,447.01,356.23,367.08,487.26,97.04
10618,TGOLN2,242.09,206.29,189.19,170.68,468.88
10623,POLR3C,333.73,79.32,121.66,496.96,14.87
10627,MYL12A,419.06,171.66,141.96,360.64,29.0
10636,RGS14,373.87,384.84,353.47,154.31,408.28
10642,IGF2BP1,236.97,35.76,236.0,161.55,78.95
10657,KHDRBS1,335.02,419.08,392.88,39.07,389.51
10664,CTCF,486.0,60.17,476.13,13.26,97.85
10667,FARS2,138.2,461.01,69.5,187.23,351.09
10668,CGRRF1,104.5,92.99,157.91,24.19,189.47
10682,EBP,406.41,15.26,384.64,358.12,45.52
1070,CETN3,229.45,245.7,370.0,253.8,50.15
10713,USP39,226.97,115.26,44.41,100.45,256.98
10728,PTGES3,465.37,53.27,218.51,179.25,97.33
10746,MAP3K2,31.02,159.28,176.99,390.91,65.5
10747,MASP2,491.32,249.82,190.01,150.37,144.72
10758,TRAF3IP2,16.63,131.68,265.71,215.1,10.11
10783,NEK6,499.15,224.77,36.1,459.12,212.28
1080,CFTR,303.47,460.78,184.59,374.65,210.66
10811,NOXA1,362.33,223.44,242.49,107.83,406.45
10841,FTCD,318.69,232.83,274.38,139.17,205.41
10857,PGRMC1,384.43,311.65,19.06,330.94,367.74
10892,MALT1,436.97,148.66,150.75,208.14,163.9
10912,GADD45G,478.12,221.55,363.6,414.03,300.7
10927,SPIN1,440.69,6.24,76.32,440.33,157.08
10938,EHD1,409.44,87.65,107.2,480.58,195.14
10946,SF3A3,44.05,260.63,257.84,374.39,373.6
10951,CBX1,180.67,18.56,403.97,343.89,135.34
10971,YWHAQ,465.71,88.2,14.83,106.82,155.58
10980,COPS6,296.97,426.71,266.26,408.76,206.61
11035,RIPK3,134.47,273.12,191.9,485.93,191.1
11043,MID2,391.51,387.8,193.2,174.48,437.78
11059,WWP1,331.34,305.2,270.33,27.95,103.4
11063,SOX30,290.65,477.44,190.35,284.83,292.14
11069,RAPGEF4,346.61,448.63,330.73,420.05,242.76
1107,CHD3,14.37,53.6,100.19,420.76,110.98
11072,DUSP14,131.78,212.23,293.9,470.57,37.55
11074,TRIM31,180.19,277.42,245.51,15.02,442.75
11077,HSF2BP,456.78,199.99,380.98,354.52,129.63
11098,PRSS23,308.22,125.7,292.86,49.46,166.34
11100,HNRNPUL1,230.41,248.32,119.49,304.84,339.26
11112,HIBADH,420.79,59.13,453.51,336.56,305.89
11136,SLC7A9,33.06,475.5,252.81,32.55,461.16
1114,CHGB,82.23,149.7,35.08,434.81,230.48
11140,CDC37,418.24,450.78,105.29,227.7,453.1
11146,GLMN,206.09,427.87,466.0,436.21,499.54
11149,POPDC1,332.04,304.69,365.65,99.01,499.12
11170,FAM107A,151.15,68.37,222.08,74.76,251.69
11277,TREX1,179.73,264.65,278.1,100.74,11.19
11329,STK38,452.46,247.71,40.59,400.55,486.47
11340,EXOSC8,156.86,189.25,421.97,80.57,66.65
113802,HENMT1,360.29,161.61,333.52,436.78,384.31
114327,EFHC1,484.85,353.82,206.96,15.37,38.93
1147,CHUK,196.35,464.6,53.32,113.86,242.35
114883,OSBPL9,321.97,116.92,74.95,391.33,259.13
115,ADCY9,150.36,431.77,11.92,59.03,332.65
116349,EXOC3-AS1,418.16,189.29,8.16,48.39,65.42
116835,HSPA12B,320.96,451.37,390.54,107.3,94.63
116988,AGAP3,46.7,258.18,437.37,26.88,195.47
117144,CATSPER1,223.35,303.04,332.72,469.53,485.1
117166,WFIKKN1,157.75,301.59,477.84,377.01,433.71
117283,IP6K3,492.72,156.12,8.9,265.11,278.43
1173,AP2M1,301.19,324.74,291.03,353.03,470.04
1175,AP2S1,104.27,61.34,400.73,225.72,28.87
1182,CLCN3,59.46,294.5,108.56,459.15,343.66
118424,UBE2J2,421.3,322.68,29.79,411.06,496.16
118427,OLFM3,100.39,20.97,472.28,148.78,118.37
118738,ZNF488,229.08,467.6,357.61,111.63,125.15
119016,AGAP4,482.0,72.83,136.69,180.16,280.68
1196,CLK2,410.37,474.43,315.28,213.08,198.33
1198,CLK3,448.49,27.56,435.56,330.72,318.91
120,ADD3,233.46,469.66,382.92,351.44,127.99
120379,PIH1D2,498.13,20.09,334.55,205.06,179.4
120892,LRRK2,106.94,132.7,454.47,150.44,4.11
121355,GTSF1,452.12,442.3,396.2,161.96,120.82
122060,SLAIN1,162.04,497.56,301.94,53.51,334.46
122258,SPACA7,208.83,341.69,291.62,121.76,245.54
122786,FRMD6,484.66,171.74,328.94,122.51,399.02
124359,CDYL2,26.35,226.34,236.36,406.6,247.14
125115,KRT40,130.03,399.6,132.36,173.41,254.67
125488,TTC39C,149.66,289.8,118.17,329.78,208.53
126353,MISP,231.82,36.16,249.34,49.11,181.16
127544,RNF19B,347.51,288.26,422.53,422.91,4.15
127665,ZNF648,437.06,338.77,463.65,143.26,142.17
128178,EDARADD,236.17,308.89,272.78,200.66,364.28
128553,TSHZ2,197.34,31.16,35.52,497.94,110.31
129852,CIMIP6,40.02,244.94,301.49,216.4,444.71
131450,CD200R1,199.95,218.06,321.55,190.31,86.05
131616,TMEM42,47.71,60.26,252.53,90.35,103.18
131831,ERICH6,153.31,363.63,271.91,317.61,207.96
134218,DNAJC21,248.94,486.4,338.95,370.07,472.57
134391,GPR151,62.8,187.09,358.21,22.25,299.04
135892,TRIM50,292.41,478.04,189.57,214.09,240.04
137209,ZNF572,91.24,333.12,252.45,181.46,17.92
1398,CRK,363.43,143.34,131.64,68.97,343.58
140290,TCP10L,317.95,20.12,419.0,358.54,215.22
140461,ASB8,34.91,443.87,90.7,405.78,118.48
140606,SELENOM,295.9,447.63,274.15,147.05,312.61
140689,CBLN4,402.76,10.45,408.75,123.91,180.98
1407,CRY1,273.84,360.56,223.64,214.2,223.98
1408,CRY2,188.72,191.35,411.02,226.01,422.56
140807,KRT72,34.14,134.4,165.22,313.13,58.88
140831,ZSWIM3,261.7,270.37,320.02,188.11,225.03
1409,CRYAA,247.2,41.85,245.55,278.26,384.65
1410,CRYAB,447.9,422.11,251.03,148.57,239.96
1412,CRYBA2,490.95,346.86,226.3,218.89,290.06
1415,CRYBB2,109.81,243.98,75.24,383.94,4.94
1431,CS,408.08,109.15,251.57,261.03,415.06
143884,CWF19L2,79.43,499.9,119.95,494.85,35.01
144406,CFAP251,41.23,41.67,253.95,480.84,62.43
1447,CSN2,79.61,241.83,439.99,215.81,51.45
145483,FAM161B,214.5,312.2,474.0,295.94,21.38
1457,CSNK2A1,309.29,56.15,492.36,374.71,290.47
146542,ZNF688,492.53,276.61,27.17,40.28,335.0
1468,SLC25A10,353.22,283.17,347.21,3.62,90.86
146852,ODF4,439.78,242.02,171.81,442.63,21.75
147687,ZNF417,384.4,331.6,193.05,70.85,302.62
147719,LYPD4,124.47,252.8,44.16,237.06,283.26
147872,KASH5,156.76,383.82,184.38,140.06,430.92
148022,TICAM1,339.37,292.19,270.7,48.89,228.01
148398,SAMD11,320.52,344.13,439.57,484.54,218.6
148534,TLCD4,98.05,256.44,300.05,354.25,263.23
149018,LELP1,50.25,369.17,315.41,55.45,467.97
1499,CTNNB1,258.1,30.19,417.69,48.94,424.74
150248,C22orf15,225.93,59.51,170.58,361.74,243.29
150290,DUSP18,253.87,255.71,120.07,441.34,159.75
150771,ITPRIPL1,84.94,366.39,2.94,66.14,89.24
151254,C2CD6,452.34,90.82,236.87,178.14,282.93
152110,NEK10,222.63,474.13,412.92,386.99,446.14
152926,PPM1K,494.35,117.68,204.83,273.9,293.62
1534,CYB561,103.54,222.29,220.53,273.67,454.08
153527,ZMAT2,414.7,10.47,163.34,224.29,344.92
154,ADRB2,301.12,153.66,138.96,284.23,281.0
1540,CYLD,5.45,360.09,319.41,59.53,229.29
154865,IQUB,11.86,59.17,234.61,188.78,265.66
154881,KCTD7,341.86,56.7,395.92,236.83,11.29
157,GRK3,317.56,109.27,26.85,396.21,414.19
1576,CYP3A4,422.09,288.73,497.68,121.95,348.77
1600,DAB1,491.81,100.81,276.64,474.76,222.59
161142,GARIN2,193.4,19.57,175.27,265.3,381.04
1612,DAPK1,162.99,6.12,259.09,349.41,421.4
161582,DNAAF4,346.0,170.53,160.01,76.78,218.06
162427,RETREG3,295.8,337.78,393.05,196.47,327.54
163,AP2B1,82.73,196.69,496.69,380.21,123.46
1656,DDX6,185.13,292.47,350.38,397.51,59.42
166,TLE5,67.24,270.45,246.27,80.83,402.59
1660,DHX9,91.06,379.65,360.79,187.79,355.87
166793,ZBTB49,442.77,19.37,422.2,488.93,282.92
166979,CDC20B,252.24,265.95,75.71,431.29,26.26
1674,DES,271.81,165.32,298.79,402.86,391.71
1676,DFFA,15.69,496.16,486.34,356.21,416.49
170082,TCEANC,371.54,90.53,474.4,194.03,327.63
170482,CLEC4C,456.34,219.62,434.84,433.87,155.02
170954,PPP1R18,410.92,55.3,243.49,8.88,408.41
171482,FAM9A,178.57,265.0,321.72,386.33,379.11
1727,CYB5R3,60.94,16.53,216.08,167.37,68.38
1728,NQO1,146.62,171.35,176.22,240.56,422.45
1774,DNASE1L1,231.05,419.65,60.26,261.04,290.94
1826,DSCAM,382.47,58.34,476.46,122.13,217.12
1838,DTNB,447.66,25.71,327.51,163.11,151.4
1856,DVL2,64.13,290.22,261.54,86.71,138.55
1857,DVL3,490.31,453.26,45.05,386.64,112.41
1859,DYRK1A,100.33,235.81,452.25,213.66,104.94
1869,E2F1,378.95,296.65,71.96,305.54,91.15
1908,EDN3,374.69,371.6,5.0,378.91,248.33
1910,EDNRB,493.52,378.06,152.51,99.82,197.21
1946,EFNA5,200.07,289.67,18.68,252.88,92.5
1956,EGFR,297.11,244.08,472.37,219.06,343.52
196,AHR,432.54,170.3,127.26,116.68,257.23
1964,EIF1AX,190.55,479.78,93.98,85.47,69.91
1965,EIF2S1,494.25,164.64,275.53,430.18,292.9
1969,EPHA2,170.82,17.21,36.33,439.85,73.68
197131,UBR1,265.25,454.71,73.52,86.88,251.76
1974,EIF4A2,464.83,416.49,489.68,171.61,59.17
1981,EIF4G1,209.3,129.88,44.17,318.87,428.54
1982,EIF4G2,171.11,236.68,226.45,163.98,445.17
1983,EIF5,7.68,78.01,24.14,380.42,268.84
200232,FAM209A,361.23,139.06,172.39,466.1,214.57
200894,ARL13B,249.51,286.24,389.86,252.51,188.5
201798,TIGD4,484.12,160.52,0.95,186.97,87.94
203062,TSNARE1,286.63,294.45,98.75,464.45,413.88
2033,EP300,28.46,42.56,296.44,85.26,467.01
203547,VMA21,286.76,459.29,258.41,367.83,15.38
2036,EPB41L1,171.29,34.09,380.78,357.93,151.74
2037,EPB41L2,280.46,126.38,78.23,105.49,101.09
2039,DMTN,303.9,350.51,137.44,390.89,456.91
2040,STOM,83.1,333.15,74.17,358.75,444.74
2042,EPHA3,131.63,340.99,329.98,83.74,457.06
2045,EPHA7,233.55,378.41,31.66,8.21,185.94
2064,ERBB2,161.28,211.56,240.77,351.7,201.86
2065,ERBB3,486.3,497.87,251.37,397.91,273.36
207,AKT1,297.68,6.58,259.54,4.46,276.08
2073,ERCC5,254.35,103.81,157.75,430.65,20.78
2099,ESR1,450.82,150.32,54.86,102.92,449.66
2101,ESRRA,442.92,118.25,48.33,365.72,91.72
2120,ETV6,216.16,154.53,173.49,22.3,209.08
2124,EVI2B,144.62,281.64,414.49,76.57,451.51
213,ALB,478.39,185.68,305.54,190.26,269.36
2130,EWSR1,297.07,414.46,73.18,185.45,239.99
2192,FBLN1,483.34,251.49,296.62,410.39,361.09
2193,FARSA,224.95,279.02,406.18,118.99,57.76
219402,MTIF3,441.97,236.88,446.95,478.06,213.14
220004,SAXO4,380.78,152.42,100.83,361.16,152.5
2202,EFEMP1,485.14,320.36,328.93,43.64,383.8
220929,ZNF438,375.88,408.1,351.22,314.77,126.54
2212,FCGR2A,270.76,207.59,303.25,76.21,296.53
222696,ZSCAN23,98.66,123.41,272.5,295.23,449.58
2235,FECH,182.23,82.72,85.2,459.72,95.13
2243,FGA,305.27,163.29,400.61,211.77,279.85
2264,FGFR4,218.16,276.39,273.43,413.81,247.75
22800,RRAS2,392.33,28.57,315.17,276.26,160.13
2288,FKBP4,198.06,359.67,287.94,65.84,378.85
22893,BAHD1,196.26,281.57,33.46,319.26,31.11
22921,MSRB2,292.7,349.2,110.35,116.56,461.95
22938,SNW1,334.28,471.72,89.09,244.0,268.48
22983,MAST1,418.12,20.62,45.42,63.66,326.55
23015,GOLGA8A,119.77,92.68,145.78,201.22,145.64
23020,SNRNP200,371.14,111.54,466.77,399.7,34.04
23028,KDM1A,407.39,66.05,126.19,154.24,280.96
23043,TNIK,373.05,227.07,19.14,251.55,427.91
23062,GGA2,65.06,399.86,455.28,76.11,54.58
23099,ZBTB43,357.09,59.15,221.3,423.49,363.87
23132,RAD54L2,269.63,301.59,288.97,424.05,332.87
23136,EPB41L3,289.43,401.76,63.19,331.25,308.8
23163,GGA3,41.08,303.14,362.67,331.81,362.54
2317,FLNB,326.1,350.29,170.12,240.13,210.27
23199,GSE1,217.52,460.6,434.45,184.37,435.7
23216,TBC1D1,237.98,498.87,392.48,47.74,381.57
23219,FBXO28,386.15,11.44,428.76,75.52,166.83
23281,MTUS2,307.62,376.16,365.92,359.07,309.9
23363,OBSL1,130.65,445.66,440.09,358.47,279.63
23381,SMG5,141.11,452.21,224.27,153.17,176.21
23392,ECPAS,89.35,85.92,175.42,396.51,244.23
23405,DICER1,173.69,90.26,388.91,380.72,309.19
23429,RYBP,111.4,23.5,137.61,351.86,383.92
23495,TNFRSF13B,19.29,349.82,41.13,255.65,151.78
23527,ACAP2,171.51,45.19,169.7,25.71,32.43
2355,FOSL2,142.11,135.43,160.99,433.45,467.77
23582,CCNDBP1,48.69,420.08,409.44,310.81,132.89
23586,RIGI,64.76,42.69,280.59,174.2,92.45
23621,BACE1,460.32,216.2,230.16,155.92,462.2
23623,RUSC1,334.25,338.66,293.62,25.66,226.24
23624,CBLC,321.46,31.64,96.46,67.9,462.5
23630,KCNE5,84.78,443.37,428.13,450.94,107.09
23636,NUP62,55.41,26.37,219.93,231.9,297.84
23641,LDOC1,302.28,368.61,389.95,176.24,298.5
23673,STX12,378.24,494.92,15.65,385.45,251.4
23753,SDF2L1,451.13,191.17,347.69,92.9,339.63
24144,TFIP11,448.2,9.96,132.08,397.76,82.58
245937,DEFB124,342.19,389.47,50.5,161.79,23.8
248,ALPI,464.33,432.02,78.12,209.94,477.72
2495,FTH1,346.66,10.65,406.58,53.35,349.41
25,ABL1,291.29,232.43,75.27,115.12,317.16
250,ALPP,136.95,436.92,449.33,179.75,101.79
254187,TSGA10IP,130.99,74.63,332.9,247.47,282.66
254910,LCE5A,116.61,83.93,253.71,342.91,278.4
2553,GABPB1,55.85,462.85,103.63,307.88,101.21
255738,PCSK9,277.33,382.69,407.64,79.99,442.54
256302,NATD1,446.02,31.95,201.04,77.23,476.47
25793,FBXO7,45.66,334.14,270.67,352.34,74.72
25801,GCA,379.67,279.4,87.68,308.02,175.74
25814,ATXN10,11.64,38.91,324.5,473.34,317.03
25820,ARIH1,324.95,387.05,198.2,425.81,191.51
25828,TXN2,248.8,495.85,98.37,274.27,118.76
25831,HECTD1,41.37,329.01,314.49,170.73,315.14
25913,POT1,119.3,37.05,423.54,9.22,52.15
259197,NCR3,359.11,429.47,320.19,419.47,58.78
25957,PNISR,411.64,99.31,471.09,12.23,389.22
25959,KANK2,179.49,80.25,283.79,431.16,251.22
25978,CHMP2B,211.48,134.52,120.47,116.42,137.21
25988,HINFP,58.98,390.82,138.85,101.53,24.21
26003,GORASP2,40.22,401.37,249.33,133.22,193.13
26009,ZZZ3,321.51,285.59,142.24,437.97,139.85
26060,APPL1,246.65,183.76,79.39,353.66,154.75
26088,GGA1,64.02,367.99,180.63,369.41,357.61
26097,CHTOP,68.37,231.16,488.57,405.52,203.21
26119,LDLRAP1,1.07,206.22,368.53,139.85,213.64
26130,GAPVD1,26.44,249.5,86.79,41.85,156.23
26150,RIBC2,462.74,98.9,499.29,200.59,226.48
2617,GARS1,397.52,254.33,431.56,468.05,321.41
262,AMD1,458.39,224.82,103.11,262.22,54.05
2622,GAS8,9.85,363.18,147.3,295.01,13.97
2623,GATA1,282.4,178.42,222.36,474.82,363.05
26240,FAM50B,256.77,330.33,108.05,320.28,496.35
26353,HSPB8,54.45,56.82,479.35,105.0,318.03
26575,RGS17,102.84,159.23,328.7,340.95,317.29
2660,MSTN,362.66,312.24,301.05,91.99,101.58
2661,GDF9,274.25,115.48,58.48,86.97,323.04
2665,GDI2,415.04,184.06,209.72,239.11,164.33
2669,GEM,429.89,478.13,483.41,379.89,428.98
2670,GFAP,405.48,327.01,282.08,74.91,232.46
26985,AP3M1,336.66,298.76,151.22,429.35,321.0
2705,GJB1,30.71,363.42,347.69,67.54,76.96
27124,INPP5J,84.94,40.73,401.55,135.57,21.95
27125,AFF4,203.67,341.04,14.52,270.37,300.73
27131,SNX5,480.15,300.58,186.25,28.33,230.03
27141,CIDEB,370.95,34.19,246.67,37.36,276.12
27156,RSPH14,499.93,70.06,122.14,131.61,317.71
27230,SERP1,386.56,256.03,121.65,186.55,181.45
27238,GPKOW,75.0,144.19,31.62,388.27,439.21
27247,NFU1,247.83,139.1,442.03,467.24,229.21
27258,LSM3,340.16,404.73,466.2,139.42,162.94
27300,ZNF544,463.84,351.03,370.94,243.92,275.4
27301,APEX2,225.92,196.55,287.03,432.1,468.48
27316,RBMX,456.06,298.6,358.61,445.19,411.61
27338,UBE2S,168.26,290.55,340.07,16.42,269.02
27429,HTRA2,406.72,114.53,298.53,423.44,154.85
2782,GNB1,172.29,368.2,365.75,353.77,309.93
283,ANG,14.99,480.47,245.35,27.33,496.74
283385,MORN3,21.4,23.13,355.52,132.11,195.36
283461,REDIC1,378.84,189.2,129.47,131.78,415.93
284058,KANSL1,175.96,126.27,6.49,26.4,91.48
284257,BOD1L2,261.18,145.9,399.48,442.23,418.33
285613,RELL2,238.03,128.73,292.25,206.74,444.71
285753,CEP57L1,463.65,418.64,233.42,175.79,50.83
286,ANK1,484.75,388.0,477.12,284.38,329.01
286205,SCAI,432.23,339.49,111.84,153.38,360.29
2867,FFAR2,197.96,168.0,138.08,202.0,331.0
287015,TRIM42,105.03,44.29,248.3,60.01,156.5
2898,GRIK2,295.58,437.34,157.17,499.8,363.91
2908,NR3C1,282.12,327.47,35.69,101.78,396.6
29107,NXT1,111.49,107.48,269.77,287.91,448.63
29110,TBK1,145.32,82.62,430.51,311.26,60.41
29116,MYLIP,106.13,110.53,281.89,136.28,381.0
29123,ANKRD11,164.34,29.57,154.39,76.85,251.24
2923,PDIA3,39.66,168.78,366.46,70.33,359.28
2928,GSC2,477.73,249.88,158.39,276.41,411.36
2935,GSPT1,94.73,484.89,125.3,426.95,135.61
2950,GSTP1,162.8,5.37,498.6,428.81,441.12
2954,GSTZ1,451.86,127.89,8.09,406.79,46.27
2978,GUCA1A,141.88,124.95,486.6,11.87,30.42
29896,TRA2A,363.65,432.16,163.93,280.05,89.46
29948,OSGIN1,239.92,100.33,84.95,219.16,463.31
29950,SERTAD1,369.5,478.79,442.9,254.14,375.07
29978,UBQLN2,489.08,258.31,174.42,367.85,29.61
29979,UBQLN1,120.12,47.61,203.39,216.42,357.62
29994,BAZ2B,41.4,353.08,398.71,165.3,26.16
30000,TNPO2,47.95,250.51,135.68,153.23,12.98
301,ANXA1,374.28,330.45,63.38,261.98,234.48
302,ANXA2,122.11,20.15,481.82,495.53,298.08
3069,HDLBP,297.12,492.85,39.69,198.34,51.04
30811,HUNK,11.64,339.16,227.19,279.07,435.37
3091,HIF1A,338.83,28.05,361.4,250.31,96.55
3096,HIVEP1,310.26,294.72,293.26,32.85,268.0
3162,HMOX1,397.43,106.83,483.31,79.67,372.36
3181,HNRNPA2B1,196.35,198.46,165.71,257.09,108.59
3184,HNRNPD,307.77,344.08,4.75,235.98,15.06
3185,HNRNPF,189.57,433.85,388.65,358.8,171.43
3188,HNRNPH2,469.76,201.52,27.18,126.8,374.29
3192,HNRNPU,446.86,301.44,445.0,333.29,64.06
3198,HOXA1,172.81,437.51,488.56,319.38,357.58
3215,HOXB5,73.39,384.39,301.57,400.55,107.32
324,APC,431.46,113.91,147.35,455.27,212.34
329,BIRC2,57.55,280.89,427.59,106.64,318.64
3297,HSF1,352.04,195.36,422.89,416.15,74.9
330,BIRC3,374.83,213.78,480.92,137.31,329.26
3301,DNAJA1,308.86,349.23,171.61,373.59,121.97
3303,HSPA1A,129.89,85.26,290.36,26.89,34.03
3304,HSPA1B,130.09,150.52,358.52,418.08,494.11
3308,HSPA4,416.18,225.46,331.52,8.64,351.58
3309,HSPA5,247.54,455.09,249.12,200.66,244.22
3312,HSPA8,372.54,348.53,187.84,262.41,443.12
3313,HSPA9,398.88,180.17,21.86,469.17,42.09
3315,HSPB1,274.35,268.93,78.16,260.72,474.58
332,BIRC5,46.42,275.86,230.12,42.11,433.11
3320,HSP90AA1,45.89,287.65,89.92,447.02,19.18
3326,HSP90AB1,63.79,229.75,175.2,246.29,157.02
3337,DNAJB1,135.91,333.45,3.45,409.05,293.09
3347,HTN3,477.97,129.09,181.3,38.08,316.0
3362,HTR6,35.3,29.34,234.26,429.2,32.5
338,APOB,128.19,67.34,59.77,484.21,117.42
339,APOBEC1,120.69,81.11,346.84,337.13,491.31
339287,MSL1,90.6,242.95,470.31,325.66,5.14
339302,CPLX4,421.59,260.67,296.11,110.16,274.8
340527,NHSL2,339.36,167.43,346.04,286.61,27.1
340706,VWA2,267.71,106.02,467.5,234.1,353.11
342132,ZNF774,128.73,171.23,447.66,190.82,385.5
3423,IDS,409.46,20.3,471.69,201.07,24.58
342979,PALM3,197.55,131.25,484.94,112.36,48.59
344892,RTP2,210.11,447.52,144.66,368.1,167.29
345274,SLC10A6,275.47,247.93,54.33,290.23,165.77
345275,HSD17B13,479.23,489.08,90.26,265.18,0.02
3476,IGBP1,213.58,414.32,237.07,131.12,288.09
348,APOE,400.48,463.96,259.78,302.26,96.98
3480,IGF1R,89.91,347.66,411.27,311.99,467.89
348487,FAM131C,82.06,324.13,287.28,109.6,397.93
3489,IGFBP6,335.73,321.59,376.44,193.62,255.26
350,APOH,204.05,313.89,78.0,121.93,321.65
351,APP,150.09,159.54,363.02,466.75,166.92
3516,RBPJ,410.86,48.69,393.22,392.21,372.05
353134,LCE1D,49.69,230.39,135.73,212.55,158.48
353135,LCE1E,315.77,125.77,401.42,382.56,65.28
353137,LCE1F,462.85,12.61,306.08,219.01,189.37
353140,LCE2C,169.06,492.74,70.17,198.33,366.1
353142,LCE3A,204.16,287.86,43.03,34.87,470.05
353143,LCE3B,120.12,392.13,390.38,50.39,139.59
353144,LCE3C,334.1,273.73,31.14,258.56,499.81
353145,LCE3E,424.56,478.39,65.15,488.81,498.23
353332,KRTAP12-1,396.92,266.47,69.08,418.3,116.82
3551,IKBKB,446.51,384.89,475.89,431.89,140.71
3567,IL5,114.14,328.42,281.08,270.19,453.36
3568,IL5RA,429.89,414.74,458.63,51.49,155.05
358,AQP1,280.56,364.94,9.64,9.8,406.01
359,AQP2,271.11,70.3,124.68,398.79,82.87
3594,IL12RB1,159.79,144.42,220.84,437.5,82.99
3604,TNFRSF9,199.86,382.43,261.74,384.23,309.24
3615,IMPDH2,314.98,98.76,355.63,337.92,17.32
363,AQP6,453.98,44.9,440.81,12.83,408.54
3638,INSIG1,480.25,135.26,322.4,347.8,61.83
3643,INSR,470.68,69.19,100.68,65.25,245.02
3659,IRF1,164.23,217.65,412.6,8.16,295.92
3662,IRF4,166.77,145.63,106.53,246.12,65.38
367,AR,190.19,383.02,304.0,183.8,44.18
3705,ITPK1,386.93,413.85,7.14,266.05,287.78
3717,JAK2,239.52,172.1,198.29,296.54,301.28
3727,JUND,463.95,410.24,451.09,238.5,241.32
3728,JUP,135.47,451.23,328.45,276.84,294.5
374383,NCR3LG1,289.87,171.03,372.92,426.33,411.32
374618,TEX9,405.69,147.67,73.2,345.94,475.58
375484,SIMC1,287.08,87.94,176.61,4.51,290.45
375791,CYSRT1,305.69,246.05,34.55,157.09,294.52
3775,KCNK1,463.42,455.67,488.63,96.58,321.7
379,ARL4D,389.08,297.11,419.19,303.87,492.02
3801,KIFC3,453.2,441.52,220.14,312.69,236.03
3804,KIR2DL3,249.42,38.98,221.32,385.29,245.26
3817,KLK2,328.8,199.77,256.06,383.06,76.34
3831,KLC1,160.25,162.43,194.82,439.55,456.02
3837,KPNB1,389.06,468.94,386.89,492.73,174.58
3839,KPNA3,464.11,355.46,356.07,221.33,149.79
3842,TNPO1,336.1,450.73,404.62,27.73,10.06
3845,KRAS,56.75,140.25,102.96,195.57,308.57
3846,KRTAP5-9,46.29,352.29,299.6,79.65,152.38
386676,KRTAP10-9,268.16,437.3,132.24,419.67,344.86
386681,KRTAP10-8,74.75,75.89,301.75,282.29,100.27
386682,KRTAP10-3,475.61,343.76,14.78,132.15,249.48
3875,KRT18,83.22,142.88,190.19,450.61,360.04
3881,KRT31,428.85,77.02,207.09,63.92,0.23
388407,LINC02875,453.69,377.92,381.93,153.91,77.16
388677,NOTCH2NLA,172.76,479.39,40.26,62.63,324.0
388695,LYSMD1,213.3,160.8,90.1,497.18,471.28
389114,ZNF662,29.77,176.25,76.6,434.85,109.85
3895,KTN1,223.29,232.34,320.97,59.29,70.61
390212,GPR152,437.43,371.54,176.86,495.93,395.27
391257,SUMO1P1,133.28,495.72,399.1,215.66,282.2
3921,RPSA,251.02,276.63,285.47,37.47,344.28
3929,LBP,308.46,295.8,213.18,75.88,176.78
3934,LCN2,322.2,192.32,201.72,98.39,140.4
3949,LDLR,356.95,306.88,95.32,166.97,130.31
3958,LGALS3,337.07,94.86,215.42,186.22,449.15
3978,LIG1,116.45,62.8,228.21,183.46,372.31
3983,ABLIM1,340.58,185.48,251.31,223.0,343.92
4004,LMO1,472.82,207.94,138.94,92.21,299.57
4005,LMO2,175.94,464.88,214.36,6.05,7.48
403313,PLPP6,365.45,109.75,249.93,244.21,299.31
4043,LRPAP1,447.54,19.89,147.42,130.88,178.78
4055,LTBR,80.88,126.19,24.89,141.04,388.78
4064,CD180,22.39,261.73,138.7,206.58,144.71
406881,MIRLET7A1,338.88,430.77,354.93,44.14,371.25
4071,TM4SF1,483.88,389.62,32.25,313.92,357.38
4084,MXD1,101.14,296.9,456.7,199.08,416.62
4086,SMAD1,423.41,263.85,41.79,498.22,351.77
4088,SMAD3,82.67,307.26,253.9,339.76,368.8
4110,MAGEA11,10.35,350.67,80.88,194.63,29.28
4116,MAGOH,148.97,64.88,0.4,65.48,61.27
4118,MAL,168.44,111.17,490.52,295.48,49.62
4134,MAP4,99.52,238.56,349.19,235.47,6.75
4137,MAPT,298.16,360.26,109.61,187.36,309.28
414059,TBC1D3B,164.89,317.66,423.24,450.36,160.28
414301,DDI1,203.27,7.86,139.97,453.67,383.13
4175,MCM6,257.17,38.66,232.98,50.93,376.73
4184,SMCP,358.29,423.83,11.07,339.08,495.93
4188,MDFI,302.26,493.77,338.4,219.96,23.4
4212,MEIS2,250.45,424.09,400.7,392.41,405.12
4214,MAP3K1,97.49,355.81,348.58,242.12,100.93
4217,MAP3K5,142.73,38.66,277.1,198.65,409.5
4236,MFAP1,342.57,57.65,319.35,362.49,119.74
4259,MGST3,247.87,347.43,269.77,219.96,52.76
4286,MITF,320.22,393.54,372.97,174.65,343.24
4287,ATXN3,443.19,434.31,163.51,459.77,394.14
4301,AFDN,416.51,304.76,353.81,158.33,125.63
4313,MMP2,213.22,176.33,59.19,164.05,239.24
4342,MOS,485.98,118.92,200.67,207.63,67.21
4354,MPP1,358.09,289.33,126.3,211.26,276.99
4356,MPP3,440.93,222.64,20.96,127.42,123.42
439,GET3,353.62,124.74,442.09,493.69,435.05
440295,GOLGA6L9,205.49,444.42,139.16,316.47,425.73
441282,AKR1B15,309.5,135.69,210.33,457.03,289.76
444,ASPH,101.03,281.56,16.45,287.28,36.83
4528,MTIF2,58.63,248.19,369.61,148.72,187.28
4543,MTNR1A,278.17,319.29,94.87,4.3,32.19
4591,TRIM37,438.59,36.2,359.59,492.33,353.38
4609,MYC,416.09,477.2,12.34,474.44,345.43
4638,MYLK,89.9,136.3,41.41,268.39,41.15
4654,MYOD1,497.05,496.43,235.12,122.02,40.69
4665,NAB2,328.01,423.08,435.65,206.92,430.92
4673,NAP1L1,41.93,75.07,448.02,416.43,236.39
4739,NEDD9,12.64,122.04,218.93,174.33,175.84
4783,NFIL3,347.7,292.31,167.57,425.67,53.2
4792,NFKBIA,35.14,474.62,234.69,478.94,143.8
4793,NFKBIB,123.12,199.18,303.3,311.21,470.87
4804,NGFR,148.13,382.01,209.06,18.0,143.11
4828,NMB,345.05,213.16,69.92,437.66,462.02
4833,NME4,139.79,485.39,32.8,430.52,473.71
4838,NODAL,456.41,147.73,349.07,326.11,333.42
4842,NOS1,107.27,23.53,28.89,304.05,158.89
4899,NRF1,331.36,309.91,275.82,356.21,121.18
4924,NUCB1,329.54,31.34,285.62,92.04,206.53
4928,NUP98,399.78,481.84,135.95,489.37,117.22
4931,NVL,162.22,84.12,192.33,494.73,182.26
493856,CISD2,466.28,464.67,301.35,207.95,150.66
493869,GPX8,174.27,430.04,112.07,281.26,88.76
5013,OTX1,65.53,194.37,156.36,57.93,177.03
5036,PA2G4,129.82,157.9,80.49,196.73,23.76
5045,FURIN,126.22,374.68,208.71,363.75,93.61
50511,SYCP3,85.82,126.76,64.9,148.6,414.38
50628,GEMIN4,254.61,394.59,214.19,50.72,103.31
5071,PRKN,326.67,124.27,278.27,141.28,320.94
5076,PAX2,428.39,429.13,111.26,208.92,109.21
50943,FOXP3,215.27,267.61,244.03,416.39,475.75
51003,MED31,369.49,111.96,490.4,134.55,468.58
51008,ASCC1,297.63,422.78,196.03,133.97,372.43
51019,WASHC3,289.35,444.6,428.04,210.34,368.75
51027,BOLA1,65.82,240.98,375.45,297.54,87.71
51075,TMX2,114.97,317.51,390.86,290.6,26.31
51124,IER3IP1,431.86,127.89,480.86,41.08,251.52
51133,KCTD3,315.51,420.04,1.13,208.4,313.14
51142,CHCHD2,316.16,26.73,320.73,71.17,146.52
51149,MRNIP,380.88,481.05,431.79,163.0,210.65
51160,VPS28,90.22,357.24,191.21,147.38,353.29
51194,IPO11,399.82,277.09,118.81,299.81,447.2
51224,ELOA2,287.32,146.94,263.43,304.89,350.72
51255,RNF181,494.93,176.93,244.51,42.47,488.29
51274,KLF3,91.27,470.56,258.47,281.02,471.65
51280,GOLM1,261.35,428.92,341.15,306.3,321.93
5129,CDK18,162.42,430.99,216.81,402.38,271.26
51295,ECSIT,401.42,202.89,141.71,140.65,373.9
51324,SPG21,221.73,133.19,450.32,424.72,247.07
51330,TNFRSF12A,283.95,461.3,450.33,368.52,488.15
51340,CRNKL1,344.93,161.81,268.42,454.6,217.02
51421,AMOTL2,287.95,42.66,38.85,251.0,489.24
51434,ANAPC7,112.99,232.35,492.99,414.9,26.1
51465,UBE2J1,158.98,433.76,169.45,134.03,408.04
51497,NELFCD,292.62,221.21,59.24,219.91,443.15
51517,NCKIPSD,455.61,29.97,79.42,326.64,278.25
5154,PDGFA,415.23,279.09,219.31,54.19,484.15
51548,SIRT6,286.92,196.43,356.35,313.82,148.24
5155,PDGFB,430.8,426.93,198.0,316.7,242.17
5156,PDGFRA,340.15,317.06,485.62,405.98,272.23
51561,IL23A,96.35,462.96,301.95,84.79,315.63
51573,GDE1,285.14,319.8,451.6,453.98,457.87
5159,PDGFRB,423.48,431.1,439.13,156.99,76.6
51594,NBAS,293.92,389.57,348.48,430.85,367.39
51603,METTL13,165.31,274.66,83.99,366.51,199.23
51614,ERGIC3,385.08,169.24,120.64,441.46,19.51
51619,UBE2D4,496.62,476.13,387.76,440.61,275.92
51649,MRPS23,272.61,272.03,455.74,370.56,260.39
51661,FKBP7,259.81,344.4,320.79,244.95,36.75
5168,ENPP2,329.22,339.03,266.39,146.19,43.85
51692,CPSF3,52.36,121.29,413.9,423.55,93.58
51700,CYB5R2,79.89,184.78,191.26,225.48,495.51
51726,DNAJB11,190.04,134.16,394.34,348.16,0.18
51760,SYT17,260.61,94.35,70.68,148.45,191.05
51763,INPP5K,4.85,259.75,426.86,39.49,494.27
5178,PEG3,392.71,231.09,231.19,275.08,397.02
5216,PFN1,247.8,429.28,95.08,64.01,199.42
5269,SERPINB6,448.62,50.96,227.62,358.62,104.39
5290,PIK3CA,415.37,50.88,70.59,437.35,19.21
5300,PIN1,48.38,144.64,258.92,132.63,142.92
5308,PITX2,480.18,402.93,278.98,418.49,129.56
5315,PKM,463.77,155.04,61.17,490.28,462.18
5335,PLCG1,482.01,462.46,480.97,167.45,235.94
53358,SHC3,21.84,382.07,16.51,456.82,219.73
5354,PLP1,65.3,231.12,167.72,400.54,480.8
53820,RIPPLY3,481.03,489.41,255.16,279.33,67.9
53840,TRIM34,154.12,267.11,98.65,51.53,192.84
53842,CLDN22,45.5,340.32,163.17,356.74,284.88
53918,PELO,450.98,97.43,183.73,267.99,29.21
54346,UNC93A,31.99,67.59,4.02,204.59,23.51
54431,DNAJC10,48.7,313.4,323.01,285.19,355.65
54442,KCTD5,212.53,86.63,89.6,465.0,451.9
54469,ZFAND6,439.93,395.49,440.87,4.98,160.73
54507,ADAMTSL4,122.9,437.72,167.94,127.57,145.26
54532,USP53,418.99,357.9,143.61,151.65,109.55
54535,CCHCR1,115.64,67.86,42.62,388.99,351.99
54544,CRCT1,172.14,228.57,10.12,132.15,478.08
54557,SGTB,297.21,308.57,15.6,416.68,109.19
5458,POU4F2,436.63,426.49,453.42,496.33,256.14
5460,POU5F1,101.72,202.55,474.17,494.35,334.8
54623,PAF1,217.57,492.09,344.81,397.8,87.49
5464,PPA1,293.06,437.86,278.93,31.17,423.81
54676,GTPBP2,127.43,399.08,476.5,384.28,200.82
5468,PPARG,154.63,17.8,373.35,94.9,300.08
54757,FAM20A,2.97,53.62,246.23,43.72,151.38
54776,PPP1R12C,22.33,121.4,141.75,361.92,315.14
54780,NSMCE4A,430.23,163.84,206.69,141.24,289.97
5479,PPIB,369.48,196.5,380.33,32.58,483.8
54870,QRICH1,394.29,239.89,141.64,367.68,369.15
54925,ZSCAN32,413.13,233.86,292.94,101.44,197.32
5493,PPL,487.57,289.18,238.38,423.21,298.19
54936,ADPRS,484.91,340.1,200.71,404.17,52.79
5494,PPM1A,75.88,270.43,44.69,149.25,202.66
54971,BANP,129.68,261.26,237.36,308.5,29.64
55002,TMCO3,491.16,11.0,485.4,271.73,179.86
55012,PPP2R3C,330.11,226.95,112.26,312.92,276.86
55030,FBXO34,211.27,342.12,252.85,241.82,351.23
55072,RNF31,366.8,173.37,309.57,10.13,389.16
55083,KIF26B,0.48,435.9,451.8,416.46,390.8
55093,NTAQ1,405.5,196.04,490.52,320.82,118.64
55138,FAM90A1,258.31,60.72,323.5,481.88,85.08
55157,DARS2,26.32,191.0,419.34,78.83,340.4
55170,PRMT6,282.14,188.49,491.31,13.78,116.41
55195,CCDC198,360.79,170.37,397.82,295.65,451.67
55197,RPRD1A,365.46,469.72,387.66,83.62,185.49
55209,SETD5,254.08,18.98,329.91,461.47,287.72
55216,NKAPD1,159.75,213.29,421.73,71.48,151.5
55257,MRGBP,233.27,118.57,106.4,220.83,481.58
55276,PGM2,437.16,112.45,201.13,197.72,459.35
55284,UBE2W,350.38,21.54,328.91,384.5,454.13
55285,RBM41,142.19,158.46,109.93,96.45,213.13
55288,RHOT1,413.84,215.47,257.1,46.5,446.3
55294,FBXW7,464.87,171.12,313.89,372.57,343.03
5553,PRG2,141.94,241.5,125.97,256.82,322.69
5554,PRH1,466.47,152.2,142.26,187.66,199.12
5555,PRH2,359.57,56.86,368.01,175.06,425.23
55585,UBE2Q1,333.24,460.52,412.62,199.18,453.41
55611,OTUB1,42.48,496.24,453.74,391.66,416.19
5565,PRKAB2,84.72,302.32,285.52,397.68,222.57
5566,PRKACA,146.27,323.88,362.55,99.17,233.17
55660,PRPF40A,161.36,1.17,31.13,283.95,246.74
55699,IARS2,215.73,390.25,130.38,239.44,22.08
55707,NECAP2,56.28,170.06,295.05,304.22,250.03
5575,PRKAR1B,338.91,187.27,267.27,415.1,447.71
55758,RCOR3,202.98,480.18,357.51,473.79,37.06
55812,SPATA7,268.29,286.62,342.88,166.53,396.4
55815,TSNAXIP1,368.86,268.76,13.52,452.87,291.12
55840,EAF2,140.38,256.06,71.29,62.61,287.8
5585,PKN1,9.37,80.27,210.95,62.41,192.14
5587,PRKD1,83.32,68.9,28.74,436.74,212.42
55885,LMO3,304.94,416.09,241.99,163.27,377.57
55909,BIN3,21.24,410.57,114.57,70.03,369.39
55929,DMAP1,280.93,267.34,255.92,333.25,151.29
56006,SMG9,1.62,405.77,31.55,473.75,268.78
56034,PDGFC,31.54,24.05,449.99,28.66,149.73
5606,MAP2K3,131.2,413.8,339.91,316.51,169.62
5607,MAP2K5,93.46,174.84,476.69,204.76,9.39
56243,KIAA1217,177.72,238.72,288.08,399.13,381.23
5630,PRPH,494.54,268.72,251.98,479.61,325.38
56311,ANKRD7,494.59,457.72,498.74,166.47,400.08
56477,CCL28,84.72,276.99,350.66,190.69,248.77
5648,MASP1,213.23,100.36,78.82,477.21,187.81
56616,DIABLO,311.79,463.27,422.7,228.33,478.05
56829,ZC3HAV1,460.33,462.08,180.99,194.75,336.06
5684,PSMA3,283.72,224.92,122.85,325.94,187.16
56850,GRIPAP1,120.12,253.97,177.23,429.48,91.66
5687,PSMA6,24.53,447.5,471.94,71.48,401.77
56888,KCMF1,433.94,241.73,32.33,363.33,362.64
5689,PSMB1,236.04,390.51,165.12,87.39,464.07
56893,UBQLN4,22.15,57.97,104.01,103.07,274.94
5690,PSMB2,406.67,175.79,423.3,326.09,44.07
56904,SH3GLB2,167.12,137.04,320.24,411.88,13.82
56915,EXOSC5,52.46,194.32,222.61,125.52,323.56
56923,NMUR2,57.72,2.84,255.78,264.85,60.99
56947,MFF,231.47,335.04,201.66,34.08,177.22
56975,FAM20C,72.47,417.89,365.66,477.25,194.11
5700,PSMC1,2.11,41.4,72.67,151.79,442.46
5707,PSMD1,251.34,450.28,214.67,120.18,235.9
5708,PSMD2,451.4,286.28,179.54,273.77,25.5
5710,PSMD4,384.61,30.11,410.65,276.83,212.24
5715,PSMD9,372.01,291.4,426.69,377.45,28.38
57159,TRIM54,426.63,374.97,158.07,273.14,380.66
5727,PTCH1,278.9,247.02,221.42,312.38,498.37
5728,PTEN,120.75,223.56,320.34,10.15,285.95
573,BAG1,398.92,91.47,40.93,430.45,74.03
57332,CBX8,280.8,332.94,391.84,366.31,432.93
574031,MIR363,357.59,280.02,215.37,347.39,398.24
57506,MAVS,55.48,373.95,303.92,223.97,481.17
57533,TBC1D14,32.17,188.45,470.11,206.54,78.42
57595,PDZD4,40.11,468.37,160.58,75.78,55.0
57616,TSHZ3,487.16,40.64,390.01,480.5,371.49
57623,ZFAT,199.72,116.9,316.3,476.74,71.63
5764,PTN,468.14,29.61,68.44,493.65,96.86
5774,PTPN3,236.06,15.05,257.89,197.07,33.03
57786,RBAK,157.27,366.48,185.06,334.74,64.34
5781,PTPN11,376.75,229.11,6.98,490.97,436.0
57819,LSM2,171.39,445.72,53.56,459.08,203.56
5786,PTPRA,426.63,80.08,230.83,415.07,423.31
57862,ZNF410,366.79,407.18,363.17,76.59,222.69
57863,CADM3,19.88,460.94,241.73,66.59,331.67
5795,PTPRJ,62.81,72.45,86.52,3.27,243.69
58491,ZNF71,390.07,24.88,106.29,343.39,171.88
58500,ZNF250,219.32,237.05,166.8,303.29,464.34
58517,RBM25,81.24,102.06,237.6,95.75,395.6
5859,QARS1,120.86,28.31,123.86,368.38,220.33
5871,MAP4K2,2.46,11.75,68.22,117.16,144.08
5879,RAC1,174.35,80.4,479.76,479.74,239.8
5886,RAD23A,331.4,46.16,122.89,183.99,388.43
5888,RAD51,485.89,91.68,350.03,55.17,350.17
5894,RAF1,322.6,154.78,116.36,193.39,52.42
5898,RALA,423.35,408.54,385.15,269.55,83.28
5901,RAN,471.53,380.72,358.38,477.81,312.54
5903,RANBP2,45.38,477.89,327.41,9.93,72.81
5954,RCN1,224.39,15.06,439.76,346.67,413.01
5970,RELA,316.29,131.57,245.73,327.68,190.4
5985,RFC5,377.15,283.04,330.82,13.47,346.95
5991,RFX3,187.84,444.11,128.87,178.77,54.67
60314,MYG1,420.34,82.26,83.05,229.43,156.44
604,BCL6,371.04,319.64,337.22,220.16,472.65
60401,EDA2R,485.23,324.37,453.67,41.06,238.12
60468,BACH2,493.44,447.67,5.76,183.81,308.18
6047,RNF4,498.39,149.45,44.47,317.99,262.17
60491,NIF3L1,3.58,316.73,183.66,42.1,477.01
60496,AASDHPPT,16.09,392.0,101.55,126.25,297.88
6158,RPL28,268.5,457.14,472.86,332.61,253.66
6275,S100A4,351.06,134.79,272.02,253.53,418.31
6303,SAT1,173.54,76.44,55.09,229.15,8.74
6305,SBF1,236.12,402.1,97.38,498.45,280.23
6310,ATXN1,94.04,313.51,169.6,286.07,106.87
6319,SCD,379.86,227.81,412.22,52.55,460.03
6374,CXCL5,22.79,458.36,351.07,427.78,419.44
638,BIK,320.02,451.88,420.97,413.8,423.5
6386,SDCBP,41.36,50.99,73.22,129.22,193.7
63898,SH2D4A,494.0,130.68,172.64,483.58,112.1
6396,SEC13,209.0,20.99,421.85,309.21,400.83
640,BLK,314.51,437.71,376.84,11.08,298.11
64100,ELSPBP1,497.06,435.68,333.49,291.46,263.77
64105,CENPK,36.85,454.74,180.91,207.01,100.36
642,BLMH,23.32,411.8,325.48,361.56,467.29
6426,SRSF1,450.81,141.4,179.48,146.22,24.12
6428,SRSF3,181.19,354.05,290.69,331.2,295.39
6429,SRSF4,455.02,389.73,332.09,324.44,389.01
6432,SRSF7,488.64,91.49,130.05,299.14,74.52
643376,BTBD18,325.15,277.23,84.45,288.9,239.62
6434,TRA2B,102.23,66.4,369.06,346.65,88.19
64398,PALS1,471.35,169.37,168.04,358.5,353.54
64419,MTMR14,341.57,251.63,428.88,101.94,207.8
6449,SGTA,227.56,116.65,74.98,3.78,315.44
64518,TEKT3,406.93,381.58,221.37,108.02,286.96
6453,ITSN1,157.62,50.85,147.89,385.83,116.54
645432,ARRDC5,408.15,11.38,276.29,43.46,75.59
64641,EBF2,459.33,142.99,264.8,194.93,332.56
6469,SHH,186.07,446.37,130.97,1.59,169.11
64763,ZNF574,406.32,248.98,26.49,176.16,236.0
64778,FNDC3B,387.07,346.37,178.77,246.07,63.38
64783,RBM15,124.84,255.5,279.83,309.67,228.07
649,BMP1,52.36,12.71,406.32,194.76,34.95
64927,TTC23,59.55,397.88,29.89,84.28,10.3
64976,MRPL40,315.16,278.3,356.52,163.33,94.89
65056,GPBP1,473.0,246.95,295.34,445.32,70.56
65057,ACD,254.15,183.59,434.54,468.3,238.82
6541,SLC7A1,429.87,207.41,199.2,231.09,441.17
6595,SMARCA2,437.01,262.07,497.68,423.74,272.21
6597,SMARCA4,190.81,242.1,136.87,49.96,233.81
6598,SMARCB1,314.86,148.77,417.35,433.04,145.56
660,BMX,473.72,421.38,166.31,184.12,51.7
6602,SMARCD1,194.11,463.07,216.99,143.47,252.83
6613,SUMO2,258.89,115.68,100.16,212.37,94.73
6615,SNAI1,415.61,13.33,326.1,368.5,230.77
6622,SNCA,125.95,479.6,231.85,35.38,204.84
6634,SNRPD3,481.28,277.54,381.41,37.39,195.73
6636,SNRPF,454.11,27.88,31.91,18.56,392.34
6650,CAPN15,158.7,277.02,372.3,223.04,325.26
6660,SOX5,67.35,471.45,320.78,139.65,467.7
6696,SPP1,54.34,257.17,337.52,290.65,326.92
6711,SPTBN1,408.96,207.35,320.9,433.22,229.31
672,BRCA1,337.45,29.86,274.66,213.35,358.92
6731,SRP72,248.65,64.81,101.97,214.03,179.31
6732,SRPK1,296.06,142.0,239.35,456.76,310.67
6733,SRPK2,357.69,291.19,387.76,381.37,258.62
6794,STK11,300.56,353.08,367.53,409.46,454.52
6815,STYX,245.3,40.11,193.05,310.93,296.81
6829,SUPT5H,488.68,59.02,442.05,481.73,190.43
6843,VAMP1,114.77,43.87,450.84,240.18,498.51
688,KLF5,165.61,406.89,423.12,125.33,198.71
6886,TAL1,126.73,412.0,156.72,133.46,147.13
6895,TARBP2,227.58,283.22,321.15,300.65,2.45
6897,TARS1,180.88,474.47,128.01,288.46,432.38
6901,TAFAZZIN,248.36,312.26,326.47,115.88,101.25
6919,TCEA2,493.13,98.41,426.89,451.24,161.32
6941,TCF19,83.86,272.53,330.39,182.1,125.66
6993,DYNLT1,347.76,219.08,394.59,362.29,207.92
6997,CRIPTO,374.8,98.64,456.08,50.21,356.77
7003,TEAD1,467.13,4.41,340.64,272.7,492.67
7013,TERF1,417.22,29.16,85.45,243.64,47.19
7041,TGFB1I1,176.31,423.2,229.89,117.41,391.4
7048,TGFBR2,64.77,416.21,35.53,77.73,195.82
705,BYSL,193.88,252.58,250.22,133.69,454.01
7051,TGM1,410.38,339.5,346.62,336.01,113.31
7064,THOP1,149.19,387.54,158.66,388.27,238.99
708,C1QBP,159.1,389.27,374.77,456.74,29.22
7113,TMPRSS2,247.53,249.28,268.59,28.57,92.86
712,C1QA,369.78,222.0,107.2,34.16,105.57
7124,TNF,290.91,181.46,459.88,277.95,370.17
7126,TNFAIP1,451.19,464.46,129.35,55.64,498.21
7128,TNFAIP3,463.68,416.22,358.95,468.31,288.16
713,C1QB,234.36,491.76,40.91,499.32,380.98
7133,TNFRSF1B,186.81,298.48,209.8,457.32,165.67
7157,TP53,463.42,209.55,272.29,492.3,170.89
7159,TP53BP2,420.13,33.19,60.76,328.77,21.27
717,C2,490.51,361.3,293.44,320.94,329.47
7178,TPT1,356.98,170.22,230.68,159.75,305.4
7184,HSP90B1,121.37,121.5,185.53,473.42,178.77
7185,TRAF1,115.15,218.12,369.06,305.73,485.73
7186,TRAF2,141.43,210.4,11.98,390.01,229.81
7187,TRAF3,367.65,282.78,293.41,22.81,33.79
7188,TRAF5,126.95,74.38,409.01,210.45,63.1
7189,TRAF6,102.21,23.11,176.22,405.77,274.27
7267,TTC3,2.44,120.56,357.59,434.11,280.61
729092,AGAP5,201.41,131.14,26.03,158.12,330.59
7293,TNFRSF4,292.91,84.14,176.58,225.74,383.78
7295,TXN,60.79,202.43,62.43,404.5,345.34
7307,U2AF1,361.53,300.2,198.75,5.83,399.89
7311,UBA52,46.16,90.71,190.02,213.31,325.98
7316,UBC,499.3,253.3,389.42,249.68,178.97
7321,UBE2D1,102.39,250.94,9.26,158.05,266.84
7322,UBE2D2,131.27,352.7,360.07,355.09,244.69
7323,UBE2D3,320.29,27.37,334.16,486.66,359.4
7324,UBE2E1,87.98,470.3,119.45,164.29,248.16
7325,UBE2E2,354.79,131.05,377.39,97.6,165.54
7328,UBE2H,139.01,214.32,144.34,141.65,270.72
7329,UBE2I,73.04,383.12,362.05,40.51,191.49
7332,UBE2L3,381.68,140.9,38.93,173.51,75.56
7334,UBE2N,414.04,16.06,434.66,319.63,173.78
7335,UBE2V1,440.94,231.81,171.33,12.24,264.41
7336,UBE2V2,346.92,9.58,393.59,201.5,175.05
7341,SUMO1,197.19,366.62,121.03,380.78,5.54
7353,UFD1,490.34,229.03,333.97,324.99,448.42
7381,UQCRB,317.89,402.79,431.46,172.68,403.38
7391,USF1,330.43,43.76,494.46,396.13,297.78
7415,VCP,287.39,460.22,204.35,476.76,220.21
7428,VHL,390.38,477.68,106.16,29.55,55.29
7431,VIM,145.35,71.08,382.97,146.68,209.21
7504,XK,68.52,324.46,431.4,250.99,353.25
7514,XPO1,404.76,242.95,169.03,454.88,139.0
7517,XRCC3,379.1,194.99,460.59,307.67,456.72
7520,XRCC5,236.17,128.53,161.09,129.87,39.36
7525,YES1,55.46,241.38,306.63,49.53,303.4
7529,YWHAB,169.24,367.72,78.57,360.46,348.15
7531,YWHAE,473.24,311.62,489.67,216.65,254.98
7533,YWHAH,62.16,75.38,294.4,394.17,416.69
7534,YWHAZ,194.99,375.99,414.02,176.19,187.61
7572,ZNF24,142.82,234.98,397.69,475.57,99.63
7584,ZNF35,222.67,22.73,192.69,373.59,482.67
7597,ZBTB25,493.53,224.05,242.25,343.61,361.41
765,CA6,410.57,91.94,9.84,20.99,208.53
7681,MKRN3,166.44,289.77,61.96,453.94,45.45
7690,ZNF131,143.34,357.24,133.79,237.54,138.85
7703,PCGF2,41.59,309.95,354.9,403.62,293.02
7704,ZBTB16,126.91,481.1,49.22,293.23,131.46
7706,TRIM25,335.61,254.01,311.35,114.15,285.0
7709,ZBTB17,249.3,493.78,366.63,40.5,476.06
7716,VEZF1,83.07,308.41,93.59,335.3,237.01
775,CACNA1C,445.57,0.39,353.6,8.62,106.86
7755,ZNF205,114.13,299.06,463.69,49.51,217.31
7798,LUZP1,381.1,74.04,216.83,336.94,14.39
7809,BSND,41.01,160.21,404.35,453.59,66.25
7867,MAPKAPK3,374.01,50.05,22.97,186.76,56.01
7874,USP7,159.78,48.38,234.52,80.27,96.41
78986,DUSP26,311.53,284.07,410.12,63.24,487.01
79000,AUNIP,57.94,166.05,91.04,51.97,263.13
79005,SCNM1,383.58,358.57,310.95,266.67,365.04
79027,ZNF655,4.91,306.26,455.38,260.27,358.8
79050,NOC4L,153.29,114.2,166.85,278.35,395.99
79068,FTO,485.54,421.58,358.82,317.42,341.3
79161,TMEM243,112.81,280.76,196.29,422.82,350.37
79165,LENG1,83.0,430.51,91.01,209.92,70.12
7917,BAG6,103.61,37.66,20.69,172.27,495.54
79175,ZNF343,124.37,368.09,95.14,217.73,234.75
7918,GPANK1,307.78,252.58,118.96,318.39,273.14
79413,ZBED2,104.64,127.46,47.84,429.63,343.46
79444,BIRC7,329.28,341.93,244.61,23.46,427.75
79571,GCC1,324.89,474.67,182.26,286.83,5.68
79616,CCNJL,492.94,129.8,252.42,200.56,481.38
79622,SNRNP25,200.17,39.41,205.84,358.19,362.31
79624,ARMT1,383.96,437.22,402.21,297.44,195.08
79642,ARSJ,466.16,431.6,313.55,99.76,384.75
79657,RPAP3,337.93,348.3,177.57,78.69,152.88
79696,ZC2HC1C,269.07,87.63,309.13,434.91,207.54
79705,LRRK1,306.17,456.64,443.38,24.77,62.4
79706,PRKRIP1,482.18,403.32,384.42,486.32,372.44
79733,E2F8,92.73,81.85,355.23,83.92,24.21
79741,CCDC7,183.75,190.49,450.0,455.53,331.74
79768,KATNBL1,104.36,175.4,446.75,28.23,283.91
79822,ARHGAP28,42.2,95.72,280.66,489.95,99.91
79843,FAM124B,426.7,107.6,316.36,331.52,408.73
79869,CPSF7,72.79,349.01,183.88,276.67,188.27
79873,NUDT18,450.04,449.68,220.42,263.38,9.16
79879,CCDC134,161.18,341.91,106.05,256.41,249.43
80011,PSME3IP1,326.98,479.74,391.54,224.66,319.29
80022,MYO15B,27.99,151.92,113.38,259.16,496.96
80125,CCDC33,260.69,172.85,142.91,340.88,165.64
8013,NR4A3,118.67,193.46,168.84,33.83,305.81
80195,TMEM254,233.28,291.38,361.09,488.92,209.66
8021,NUP214,107.1,104.37,183.78,46.2,139.1
80256,ATOSB,272.26,273.53,258.2,106.94,249.57
80279,CDK5RAP3,27.8,245.95,189.68,258.15,452.5
80317,ZKSCAN3,62.87,26.23,43.26,458.86,108.88
80328,ULBP2,371.01,305.88,336.72,324.37,389.46
80344,DCAF11,240.68,113.39,203.44,314.36,3.92
80705,TSGA10,387.84,254.41,437.7,60.79,441.59
80742,PRR3,117.32,51.81,347.73,382.77,219.61
80764,THAP7,269.89,443.5,108.08,353.7,167.66
8087,FXR1,13.29,444.31,94.35,309.05,386.97
81,ACTN4,207.12,124.21,240.88,370.13,81.44
811,CALR,12.31,476.38,19.92,490.96,83.57
8115,TCL1A,282.25,387.56,242.47,272.93,491.52
813,CALU,149.74,6.13,492.76,369.44,30.6
81576,YJU2B,419.51,450.35,246.74,245.33,320.75
81603,TRIM8,390.7,484.31,140.07,52.32,130.92
8161,COIL,459.29,84.33,494.92,438.14,93.51
818,CAMK2G,17.82,129.83,440.41,20.48,369.62
81847,RNF146,468.16,424.57,341.09,419.54,116.26
81850,KRTAP1-3,426.02,321.23,465.01,57.28,5.86
81851,KRTAP1-1,219.23,281.4,319.22,188.53,286.15
81875,ISG20L2,123.81,202.69,43.04,180.32,58.63
819,CAMLG,304.6,341.17,411.54,236.87,90.18
8204,NRIP1,473.01,287.85,307.35,339.93,394.17
8220,ESS2,445.39,234.24,137.0,37.42,495.39
8312,AXIN1,385.0,206.85,88.03,493.45,159.71
83444,INO80B,284.41,281.52,484.74,277.04,151.6
83445,GSG1,411.16,474.48,402.52,288.1,157.3
83446,CCDC70,382.96,45.6,375.86,434.25,353.87
83461,CDCA3,100.07,251.2,124.35,474.37,18.91
835,CASP2,125.79,10.61,445.46,355.83,298.12
83541,FAM110A,422.07,396.67,346.73,338.23,312.32
83550,GPR101,110.14,89.09,69.0,79.83,403.47
83593,RASSF5,332.27,364.1,435.94,59.53,209.75
836,CASP3,6.27,323.44,70.53,340.53,233.86
83707,TRPT1,168.99,85.82,370.46,351.4,126.81
83755,KRTAP4-12,14.96,129.37,358.13,298.45,138.91
83861,RSPH3,231.68,392.24,61.01,308.06,27.64
840,CASP7,105.11,294.35,251.74,98.83,233.0
84060,RBM48,244.78,162.78,266.73,30.79,88.65
84080,ENKD1,427.12,125.59,484.79,482.59,223.22
84131,CEP78,243.57,468.59,260.4,99.05,283.67
84133,ZNRF3,60.45,490.5,461.73,491.2,57.83
84140,FAM161A,481.87,385.25,447.63,404.14,39.03
842,CASP9,307.57,311.58,315.73,30.07,141.56
84221,SPATC1L,407.76,129.21,443.2,491.37,142.86
84256,FLYWCH1,44.6,293.48,113.71,157.78,106.72
84292,WDR83,255.67,99.13,13.67,221.16,248.66
84294,UTP23,181.57,115.93,215.67,321.04,20.38
84300,UQCC2,302.8,299.24,138.32,77.31,88.2
84309,NUDT16L1,108.31,357.37,429.8,234.93,184.91
84320,ACBD6,405.23,333.5,463.17,459.37,27.4
84333,PCGF5,380.38,357.64,3.91,370.19,253.52
8443,GNPAT,359.63,203.56,252.88,353.43,492.37
84445,LZTS2,308.03,373.69,168.97,356.42,135.81
84457,PHYHIPL,371.7,319.61,188.92,425.89,443.2
84458,LCOR,110.66,193.9,269.46,282.82,484.84
84498,FAM120B,342.93,490.1,213.38,70.89,149.82
84522,JAGN1,83.54,286.13,241.99,62.2,171.99
84547,PGBD1,251.98,419.98,335.71,122.09,46.38
84557,MAP1LC3A,248.26,464.03,144.75,183.3,300.03
8456,FOXN1,42.02,152.57,32.93,229.61,202.54
84614,ZBTB37,47.74,336.0,264.04,434.06,75.42
84617,TUBB6,247.02,43.14,482.54,472.14,136.51
84648,LCE3D,53.25,488.13,20.74,369.68,285.17
84689,MS4A14,55.88,179.12,455.14,312.99,432.1
84707,BEX2,389.18,431.62,70.23,167.89,29.01
84708,LNX1,60.06,1.55,17.49,47.37,365.52
8480,RAE1,379.35,140.33,133.16,428.94,481.01
84807,NFKBID,54.88,119.03,18.42,182.67,47.56
84832,ANKRD36BP1,195.76,289.88,159.79,359.01,227.33
84966,IGSF21,369.63,55.07,480.2,69.81,145.43
85013,TMEM128,475.72,94.54,160.8,85.84,148.07
8517,IKBKG,101.16,276.44,63.13,454.49,125.0
85291,KRTAP4-2,330.17,443.61,129.32,2.27,55.28
85300,ATCAY,341.63,294.59,433.37,474.87,455.0
8536,CAMK1,489.54,449.95,150.9,290.08,381.98
85403,EAF1,115.86,97.29,124.32,333.3,275.44
8543,LMO4,273.37,228.0,117.47,237.99,171.23
8547,FCN3,146.16,260.0,255.74,120.2,279.63
8550,MAPKAPK5,464.7,348.42,72.77,159.22,300.79
85509,MBD3L1,382.98,77.09,499.27,15.74,64.08
8559,PRPF18,449.85,205.07,288.06,465.8,135.01
8563,THOC5,95.07,426.83,14.21,325.52,9.04
8576,STK16,363.03,52.71,301.6,395.89,32.93
8601,RGS20,263.52,274.01,258.98,178.88,286.58
8604,SLC25A12,199.27,203.93,210.93,368.11,202.19
861,RUNX1,471.36,425.45,453.77,64.67,31.59
862,RUNX1T1,426.26,319.14,101.59,318.1,424.5
867,CBL,282.53,176.66,344.89,427.46,107.97
8672,EIF4G3,302.72,31.67,287.99,299.69,393.33
8674,VAMP4,389.38,335.58,482.28,369.8,232.56
8678,BECN1,486.21,248.32,197.09,102.22,275.86
87,ACTN1,63.82,292.35,208.38,443.56,436.78
8717,TRADD,438.12,359.64,133.18,331.39,458.16
87178,PNPT1,399.11,110.81,218.35,497.84,452.74
8737,RIPK1,153.32,414.33,115.44,195.23,444.92
8764,TNFRSF14,473.12,164.68,24.25,113.65,142.52
8767,RIPK2,166.53,392.07,223.41,75.38,19.46
8775,NAPA,112.5,105.46,48.7,245.1,105.63
8784,TNFRSF18,117.55,16.07,333.43,478.09,120.86
8792,TNFRSF11A,198.24,286.26,210.29,474.49,71.54
88,ACTN2,0.24,58.55,281.9,33.67,405.14
8805,TRIM24,247.29,404.63,412.23,447.67,332.68
8836,GGH,154.53,195.16,333.6,440.57,341.18
8872,CDC123,105.46,467.67,163.43,175.24,300.73
8874,ARHGEF7,101.55,124.67,59.48,459.26,182.92
8877,SPHK1,389.04,295.56,379.93,64.66,139.35
8878,SQSTM1,440.52,50.35,130.41,229.27,41.75
8881,CDC16,313.42,61.49,166.98,323.81,438.51
89,ACTN3,78.87,159.63,357.76,345.03,431.76
8907,AP1M1,160.81,115.22,341.98,478.54,152.18
891,CCNB1,352.23,130.26,267.35,240.62,492.76
8915,BCL10,147.18,99.33,488.19,15.77,330.17
892,CCNC,213.76,61.84,240.04,438.74,490.99
8936,WASF1,45.47,399.27,151.18,24.55,285.1
8945,BTRC,307.77,462.74,244.0,354.91,10.03
89858,SIGLEC12,97.95,353.13,149.73,349.26,350.55
89885,FATE1,111.71,283.22,351.38,350.57,396.16
8992,ATP6V0E1,341.23,319.27,372.28,419.11,61.92
90060,CCDC120,485.57,194.54,299.11,149.45,278.59
9020,MAP3K14,255.57,480.87,344.95,176.96,350.29
90416,CCDC32,28.0,183.0,367.24,129.18,62.91
90417,KNSTRN,465.29,132.09,113.09,52.06,127.82
9063,PIAS2,169.05,177.19,213.11,229.06,398.16
90701,SEC11C,259.17,3.54,488.43,164.54,444.57
9093,DNAJA3,494.51,84.53,104.56,257.78,106.58
9094,UNC119,304.72,338.21,19.78,474.39,469.71
9099,USP2,395.31,72.59,238.15,184.56,108.38
90993,CREB3L1,447.48,375.21,63.25,179.23,438.18
91,ACVR1B,389.77,16.07,303.16,132.96,157.36
9112,MTA1,301.72,154.25,314.21,389.61,477.32
9113,LATS1,465.38,464.93,475.31,257.13,263.83
91544,UBXN11,386.47,163.48,238.8,121.44,464.63
91624,NEXN,345.24,444.55,349.93,358.69,373.81
91647,ATPAF2,377.68,214.6,82.1,73.59,420.72
91694,LONRF1,397.55,104.63,348.25,499.53,53.44
91746,YTHDC1,329.09,224.02,251.15,139.83,183.29
9182,RASSF9,376.4,62.47,300.96,408.57,175.24
91893,FDXACB1,237.36,175.79,189.58,5.67,349.63
9194,SLC16A7,418.04,431.45,104.91,320.82,434.01
92,ACVR2A,347.75,202.37,82.39,67.04,276.15
9205,ZMYM5,386.67,408.5,15.99,267.08,16.99
92129,RIPPLY1,464.73,373.67,417.13,295.14,270.04
9218,VAPA,38.72,482.73,400.27,342.41,385.69
9232,PTTG1,497.61,341.3,30.33,31.07,423.56
92558,BICDL1,259.23,96.7,168.61,103.44,215.4
9258,MFHAS1,240.24,70.38,237.88,18.01,156.91
9261,MAPKAPK2,413.4,274.69,475.39,292.26,455.74
92610,TIFA,257.32,488.64,249.76,20.07,157.07
9278,ZBTB22,358.35,393.97,140.79,270.07,8.93
93,ACVR2B,135.23,479.25,185.83,21.74,63.68
93323,HAUS8,353.25,140.43,15.39,34.29,449.61
93426,SYCE1,325.96,221.46,2.16,395.12,336.46
9343,EFTUD2,334.53,323.2,7.02,206.53,46.62
9352,TXNL1,212.68,385.22,424.41,352.66,219.09
939,CD27,264.46,185.87,402.86,274.11,293.66
9391,CIAO1,169.53,408.4,155.42,170.54,307.25
9414,TJP2,91.89,203.21,416.66,15.65,342.57
943,TNFRSF8,205.77,306.65,145.05,351.42,322.71
9446,GSTO1,207.24,235.43,105.99,146.15,10.23
9450,LY86,96.55,314.29,372.48,276.06,20.37
9459,ARHGEF6,486.65,292.23,461.19,159.4,201.98
9507,ADAMTS4,33.3,5.86,401.14,158.6,200.95
9513,FXR2,283.26,148.17,34.31,415.04,119.84
9529,BAG5,279.66,115.8,453.93,272.17,356.85
9531,BAG3,281.99,256.0,474.66,233.56,268.93
9532,BAG2,150.29,156.58,229.72,111.31,448.74
9555,MACROH2A1,326.66,156.43,337.09,192.83,230.9
958,CD40,198.91,327.61,332.87,411.66,470.63
9580,SOX13,165.62,447.29,365.55,0.63,274.73
9584,RBM39,40.84,376.42,84.33,461.0,224.53
9586,CREB5,357.59,297.03,449.88,409.62,447.4
9601,PDIA4,326.96,25.85,186.6,46.62,362.55
9610,RIN1,458.34,445.2,227.03,223.36,261.58
9641,IKBKE,412.69,141.69,75.74,48.15,271.54
965,CD58,259.88,44.8,127.62,94.52,34.53
9666,DZIP3,226.41,157.98,163.33,430.86,154.1
972,CD74,97.97,496.78,129.39,101.64,425.09
9724,UTP14C,5.17,469.04,473.32,126.63,434.37
9726,ZNF646,351.41,481.42,339.05,426.98,144.18
9729,KIAA0408,222.14,428.84,384.5,291.51,348.1
973,CD79A,50.74,86.66,240.38,409.17,369.61
9747,TCAF1,358.72,203.7,64.53,72.86,236.8
9787,DLGAP5,245.51,253.56,424.1,188.29,42.47
9825,SPATA2,148.41,222.3,400.42,229.19,480.58
9830,TRIM14,386.63,417.15,13.99,450.54,120.93
9841,ZBTB24,60.15,135.07,371.64,493.28,121.34
9868,TOMM70,434.04,493.12,160.51,333.81,35.17
9878,TOX4,296.5,445.6,29.09,277.19,317.31
9883,POM121,423.36,374.21,339.52,170.16,305.92
9908,G3BP2,99.4,245.16,254.74,174.89,191.95
9915,ARNT2,65.77,239.84,299.42,298.61,56.41
9939,RBM8A,43.43,229.72,282.14,120.97,202.37
9972,NUP153,279.03,283.51,325.78,410.97,53.31
9978,RBX1,455.76,305.81,432.85,248.01,297.9
998,CDC42,116.74,395.27,80.84,391.84,35.03
