geneA_id,geneA_symbol,geneB_id,geneB_symbol
10273,STUB1,10419,PRMT5
10273,STUB1,10477,UBE2E3
10273,STUB1,10657,KHDRBS1
10273,STUB1,10746,MAP3K2
10273,STUB1,1080,CFTR
10273,STUB1,118427,OLFM3
10273,STUB1,120892,LRRK2
10273,STUB1,1499,CTNNB1
10273,STUB1,1576,CYP3A4
10273,STUB1,1612,DAPK1
10273,STUB1,161582,DNAAF4
10273,STUB1,1728,NQO1
10273,STUB1,1956,EGFR
10273,STUB1,196,AHR
10273,STUB1,2064,ERBB2
10273,STUB1,2099,ESR1
10273,STUB1,22983,MAST1
10273,STUB1,23381,SMG5
10273,STUB1,23623,RUSC1
10273,STUB1,25,ABL1
10273,STUB1,25828,TXN2
10273,STUB1,25913,POT1
10273,STUB1,26575,RGS17
10273,STUB1,2908,NR3C1
10273,STUB1,30811,HUNK
10273,STUB1,3091,HIF1A
10273,STUB1,3297,HSF1
10273,STUB1,3303,HSPA1A
10273,STUB1,3304,HSPA1B
10273,STUB1,3308,HSPA4
10273,STUB1,3312,HSPA8
10273,STUB1,3315,HSPB1
10273,STUB1,3320,HSP90AA1
10273,STUB1,3326,HSP90AB1
10273,STUB1,3643,INSR
10273,STUB1,3659,IRF1
10273,STUB1,367,AR
10273,STUB1,4086,SMAD1
10273,STUB1,4088,SMAD3
10273,STUB1,4137,MAPT
10273,STUB1,4286,MITF
10273,STUB1,4287,ATXN3
10273,STUB1,4354,MPP1
10273,STUB1,4609,MYC
10273,STUB1,4842,NOS1
10273,STUB1,5036,PA2G4
10273,STUB1,5071,PRKN
10273,STUB1,50943,FOXP3
10273,STUB1,51548,SIRT6
10273,STUB1,5216,PFN1
10273,STUB1,5315,PKM
10273,STUB1,5460,POU5F1
10273,STUB1,5468,PPARG
10273,STUB1,55284,UBE2W
10273,STUB1,55585,UBE2Q1
10273,STUB1,5566,PRKACA
10273,STUB1,56477,CCL28
10273,STUB1,5707,PSMD1
10273,STUB1,5708,PSMD2
10273,STUB1,5710,PSMD4
10273,STUB1,5728,PTEN
10273,STUB1,573,BAG1
10273,STUB1,5894,RAF1
10273,STUB1,6310,ATXN1
10273,STUB1,65057,ACD
10273,STUB1,6622,SNCA
10273,STUB1,7013,TERF1
10273,STUB1,7157,TP53
10273,STUB1,7189,TRAF6
10273,STUB1,7316,UBC
10273,STUB1,7321,UBE2D1
10273,STUB1,7322,UBE2D2
10273,STUB1,7323,UBE2D3
10273,STUB1,7324,UBE2E1
10273,STUB1,7325,UBE2E2
10273,STUB1,7328,UBE2H
10273,STUB1,7332,UBE2L3
10273,STUB1,7334,UBE2N
10273,STUB1,7335,UBE2V1
10273,STUB1,7336,UBE2V2
10273,STUB1,7415,VCP
10273,STUB1,79705,LRRK1
10273,STUB1,79733,E2F8
10273,STUB1,8087,FXR1
10273,STUB1,85300,ATCAY
10273,STUB1,861,RUNX1
10273,STUB1,9258,MFHAS1
10273,STUB1,9529,BAG5
10273,STUB1,9532,BAG2
10294,DNAJA2,1826,DSCAM
10294,DNAJA2,3337,DNAJB1
10294,DNAJA2,6453,ITSN1
10294,DNAJA2,6993,DYNLT1
10294,DNAJA2,7316,UBC
10423,CDIPT,10313,RTN3
10423,CDIPT,10668,CGRRF1
10423,CDIPT,10682,EBP
10423,CDIPT,127544,RNF19B
10423,CDIPT,134391,GPR151
10423,CDIPT,146852,ODF4
10423,CDIPT,148534,TLCD4
10423,CDIPT,1534,CYB561
10423,CDIPT,162427,RETREG3
10423,CDIPT,1727,CYB5R3
10423,CDIPT,200232,FAM209A
10423,CDIPT,200894,ARL13B
10423,CDIPT,203547,VMA21
10423,CDIPT,2124,EVI2B
10423,CDIPT,219402,MTIF3
10423,CDIPT,2212,FCGR2A
10423,CDIPT,2705,GJB1
10423,CDIPT,285613,RELL2
10423,CDIPT,286205,SCAI
10423,CDIPT,2867,FFAR2
10423,CDIPT,339302,CPLX4
10423,CDIPT,345274,SLC10A6
10423,CDIPT,345275,HSD17B13
10423,CDIPT,3489,IGFBP6
10423,CDIPT,359,AQP2
10423,CDIPT,363,AQP6
10423,CDIPT,3775,KCNK1
10423,CDIPT,3804,KIR2DL3
10423,CDIPT,390212,GPR152
10423,CDIPT,4259,MGST3
10423,CDIPT,493856,CISD2
10423,CDIPT,493869,GPX8
10423,CDIPT,51075,TMX2
10423,CDIPT,51124,IER3IP1
10423,CDIPT,51280,GOLM1
10423,CDIPT,51614,ERGIC3
10423,CDIPT,51661,FKBP7
10423,CDIPT,5354,PLP1
10423,CDIPT,54346,UNC93A
10423,CDIPT,55157,DARS2
10423,CDIPT,56947,MFF
10423,CDIPT,6386,SDCBP
10423,CDIPT,6541,SLC7A1
10423,CDIPT,7809,BSND
10423,CDIPT,83550,GPR101
10423,CDIPT,84522,JAGN1
10423,CDIPT,84689,MS4A14
10423,CDIPT,84708,LNX1
10423,CDIPT,89858,SIGLEC12
10423,CDIPT,8992,ATP6V0E1
10423,CDIPT,9194,SLC16A7
10423,CDIPT,973,CD79A
1047,CLGN,51573,GDE1
1047,CLGN,7504,XK
10482,NXF1,100534599,ISY1-RAB43
10482,NXF1,10189,ALYREF
10482,NXF1,10204,NUTF2
10482,NXF1,11043,MID2
10482,NXF1,11077,HSF2BP
10482,NXF1,11100,HNRNPUL1
10482,NXF1,11340,EXOSC8
10482,NXF1,1196,CLK2
10482,NXF1,1198,CLK3
10482,NXF1,120379,PIH1D2
10482,NXF1,122060,SLAIN1
10482,NXF1,124359,CDYL2
10482,NXF1,125115,KRT40
10482,NXF1,140290,TCP10L
10482,NXF1,1457,CSNK2A1
10482,NXF1,154881,KCTD7
10482,NXF1,1660,DHX9
10482,NXF1,171482,FAM9A
10482,NXF1,1857,DVL3
10482,NXF1,2101,ESRRA
10482,NXF1,220929,ZNF438
10482,NXF1,22938,SNW1
10482,NXF1,23281,MTUS2
10482,NXF1,23636,NUP62
10482,NXF1,23641,LDOC1
10482,NXF1,24144,TFIP11
10482,NXF1,26097,CHTOP
10482,NXF1,2670,GFAP
10482,NXF1,27316,RBMX
10482,NXF1,283461,REDIC1
10482,NXF1,29107,NXT1
10482,NXF1,29896,TRA2A
10482,NXF1,29979,UBQLN1
10482,NXF1,30000,TNPO2
10482,NXF1,3198,HOXA1
10482,NXF1,329,BIRC2
10482,NXF1,353145,LCE3E
10482,NXF1,374618,TEX9
10482,NXF1,3837,KPNB1
10482,NXF1,3842,TNPO1
10482,NXF1,4116,MAGOH
10482,NXF1,440295,GOLGA6L9
10482,NXF1,4833,NME4
10482,NXF1,4928,NUP98
10482,NXF1,50511,SYCP3
10482,NXF1,51149,MRNIP
10482,NXF1,51160,VPS28
10482,NXF1,51194,IPO11
10482,NXF1,51295,ECSIT
10482,NXF1,54442,KCTD5
10482,NXF1,54676,GTPBP2
10482,NXF1,54776,PPP1R12C
10482,NXF1,55197,RPRD1A
10482,NXF1,55216,NKAPD1
10482,NXF1,5575,PRKAR1B
10482,NXF1,55909,BIN3
10482,NXF1,5630,PRPH
10482,NXF1,56893,UBQLN4
10482,NXF1,56904,SH3GLB2
10482,NXF1,57533,TBC1D14
10482,NXF1,58500,ZNF250
10482,NXF1,5888,RAD51
10482,NXF1,5901,RAN
10482,NXF1,5903,RANBP2
10482,NXF1,60468,BACH2
10482,NXF1,642,BLMH
10482,NXF1,6426,SRSF1
10482,NXF1,6428,SRSF3
10482,NXF1,6429,SRSF4
10482,NXF1,6432,SRSF7
10482,NXF1,643376,BTBD18
10482,NXF1,6434,TRA2B
10482,NXF1,6449,SGTA
10482,NXF1,64783,RBM15
10482,NXF1,65056,GPBP1
10482,NXF1,7126,TNFAIP1
10482,NXF1,7159,TP53BP2
10482,NXF1,7307,U2AF1
10482,NXF1,79000,AUNIP
10482,NXF1,79068,FTO
10482,NXF1,79175,ZNF343
10482,NXF1,79413,ZBED2
10482,NXF1,79741,CCDC7
10482,NXF1,79768,KATNBL1
10482,NXF1,79869,CPSF7
10482,NXF1,8021,NUP214
10482,NXF1,80742,PRR3
10482,NXF1,818,CAMK2G
10482,NXF1,8220,ESS2
10482,NXF1,84221,SPATC1L
10482,NXF1,8480,RAE1
10482,NXF1,85509,MBD3L1
10482,NXF1,8563,THOC5
10482,NXF1,8678,BECN1
10482,NXF1,90060,CCDC120
10482,NXF1,92610,TIFA
10482,NXF1,9939,RBM8A
10482,NXF1,9972,NUP153
10618,TGOLN2,1173,AP2M1
10618,TGOLN2,26985,AP3M1
10618,TGOLN2,386676,KRTAP10-9
10618,TGOLN2,8907,AP1M1
10857,PGRMC1,10424,PGRMC2
10857,PGRMC1,147872,KASH5
10857,PGRMC1,2124,EVI2B
10857,PGRMC1,2235,FECH
10857,PGRMC1,23630,KCNE5
10857,PGRMC1,245937,DEFB124
10857,PGRMC1,3638,INSIG1
10857,PGRMC1,439,GET3
10857,PGRMC1,4543,MTNR1A
10857,PGRMC1,51280,GOLM1
10857,PGRMC1,54557,SGTB
10857,PGRMC1,58491,ZNF71
10857,PGRMC1,638,BIK
10857,PGRMC1,79879,CCDC134
10857,PGRMC1,819,CAMLG
10857,PGRMC1,90993,CREB3L1
10857,PGRMC1,9391,CIAO1
140689,CBLN4,6733,SRPK2
1468,SLC25A10,125115,KRT40
1468,SLC25A10,3846,KRTAP5-9
1468,SLC25A10,386681,KRTAP10-8
1468,SLC25A10,386682,KRTAP10-3
1468,SLC25A10,388677,NOTCH2NLA
1468,SLC25A10,4188,MDFI
1468,SLC25A10,57786,RBAK
1468,SLC25A10,83755,KRTAP4-12
1468,SLC25A10,85291,KRTAP4-2
147719,LYPD4,3845,KRAS
170482,CLEC4C,3895,KTN1
170482,CLEC4C,4118,MAL
170482,CLEC4C,53842,CLDN22
1774,DNASE1L1,57159,TRIM54
1908,EDN3,1910,EDNRB
2045,EPHA7,10308,ZNF267
2045,EPHA7,150290,DUSP18
2045,EPHA7,1946,EFNA5
2045,EPHA7,1969,EPHA2
2045,EPHA7,2042,EPHA3
2045,EPHA7,2782,GNB1
2045,EPHA7,4301,AFDN
2045,EPHA7,64419,MTMR14
2045,EPHA7,6815,STYX
2045,EPHA7,78986,DUSP26
2045,EPHA7,84557,MAP1LC3A
23621,BACE1,154,ADRB2
23621,BACE1,23062,GGA2
23621,BACE1,23163,GGA3
23621,BACE1,26088,GGA1
23621,BACE1,351,APP
23753,SDF2L1,54557,SGTB
23753,SDF2L1,6449,SGTA
250,ALPP,10026,PIGK
250,ALPP,10287,RGS19
250,ALPP,149018,LELP1
250,ALPP,254910,LCE5A
250,ALPP,2928,GSC2
250,ALPP,3198,HOXA1
250,ALPP,3489,IGFBP6
250,ALPP,353134,LCE1D
250,ALPP,353135,LCE1E
250,ALPP,353137,LCE1F
250,ALPP,353140,LCE2C
250,ALPP,353142,LCE3A
250,ALPP,353143,LCE3B
250,ALPP,353144,LCE3C
250,ALPP,353145,LCE3E
250,ALPP,375791,CYSRT1
250,ALPP,3846,KRTAP5-9
250,ALPP,386681,KRTAP10-8
250,ALPP,386682,KRTAP10-3
250,ALPP,4184,SMCP
250,ALPP,5013,OTX1
250,ALPP,50628,GEMIN4
250,ALPP,54507,ADAMTSL4
250,ALPP,54544,CRCT1
250,ALPP,5458,POU4F2
250,ALPP,55030,FBXO34
250,ALPP,6374,CXCL5
250,ALPP,7051,TGM1
250,ALPP,8013,NR4A3
250,ALPP,81850,KRTAP1-3
250,ALPP,81851,KRTAP1-1
250,ALPP,83755,KRTAP4-12
250,ALPP,84648,LCE3D
250,ALPP,8601,RGS20
250,ALPP,9586,CREB5
255738,PCSK9,302,ANXA2
255738,PCSK9,3949,LDLR
255738,PCSK9,4313,MMP2
255738,PCSK9,56975,FAM20C
259197,NCR3,200232,FAM209A
259197,NCR3,259197,NCR3
259197,NCR3,374383,NCR3LG1
259197,NCR3,3958,LGALS3
259197,NCR3,7917,BAG6
2660,MSTN,117166,WFIKKN1
2660,MSTN,2660,MSTN
2660,MSTN,5045,FURIN
2660,MSTN,649,BMP1
2660,MSTN,93,ACVR2B
329,BIRC2,10482,NXF1
329,BIRC2,10642,IGF2BP1
329,BIRC2,10841,FTCD
329,BIRC2,11035,RIPK3
329,BIRC2,152926,PPM1K
329,BIRC2,1869,E2F1
329,BIRC2,23028,KDM1A
329,BIRC2,23624,CBLC
329,BIRC2,25793,FBXO7
329,BIRC2,2670,GFAP
329,BIRC2,27338,UBE2S
329,BIRC2,27429,HTRA2
329,BIRC2,2935,GSPT1
329,BIRC2,329,BIRC2
329,BIRC2,332,BIRC5
329,BIRC2,3728,JUP
329,BIRC2,4084,MXD1
329,BIRC2,4110,MAGEA11
329,BIRC2,4828,NMB
329,BIRC2,51027,BOLA1
329,BIRC2,51255,RNF181
329,BIRC2,51465,UBE2J1
329,BIRC2,53840,TRIM34
329,BIRC2,55093,NTAQ1
329,BIRC2,55284,UBE2W
329,BIRC2,55611,OTUB1
329,BIRC2,55840,EAF2
329,BIRC2,56616,DIABLO
329,BIRC2,56915,EXOSC5
329,BIRC2,5879,RAC1
329,BIRC2,5985,RFC5
329,BIRC2,640,BLK
329,BIRC2,660,BMX
329,BIRC2,7124,TNF
329,BIRC2,7184,HSP90B1
329,BIRC2,7185,TRAF1
329,BIRC2,7186,TRAF2
329,BIRC2,7311,UBA52
329,BIRC2,7316,UBC
329,BIRC2,7321,UBE2D1
329,BIRC2,7322,UBE2D2
329,BIRC2,7323,UBE2D3
329,BIRC2,7334,UBE2N
329,BIRC2,79444,BIRC7
329,BIRC2,79571,GCC1
329,BIRC2,80705,TSGA10
329,BIRC2,835,CASP2
329,BIRC2,836,CASP3
329,BIRC2,840,CASP7
329,BIRC2,842,CASP9
329,BIRC2,84708,LNX1
329,BIRC2,8517,IKBKG
329,BIRC2,862,RUNX1T1
329,BIRC2,8737,RIPK1
329,BIRC2,8767,RIPK2
329,BIRC2,9666,DZIP3
329,BIRC2,9747,TCAF1
329,BIRC2,998,CDC42
3301,DNAJA1,30811,HUNK
3301,DNAJA1,3096,HIVEP1
3301,DNAJA1,3312,HSPA8
3301,DNAJA1,379,ARL4D
3301,DNAJA1,4071,TM4SF1
3301,DNAJA1,51497,NELFCD
3301,DNAJA1,5728,PTEN
3301,DNAJA1,57819,LSM2
3301,DNAJA1,672,BRCA1
3301,DNAJA1,7316,UBC
3301,DNAJA1,8881,CDC16
3301,DNAJA1,9232,PTTG1
3301,DNAJA1,965,CD58
3315,HSPB1,10075,HUWE1
3315,HSPB1,10133,OPTN
3315,HSPB1,10168,ZNF197
3315,HSPB1,10200,MPHOSPH6
3315,HSPB1,102724652,LOC102724652
3315,HSPB1,10273,STUB1
3315,HSPB1,10309,CCNO
3315,HSPB1,103910,MYL12B
3315,HSPB1,10398,MYL9
3315,HSPB1,10480,EIF3M
3315,HSPB1,10573,MRPL28
3315,HSPB1,10627,MYL12A
3315,HSPB1,1070,CETN3
3315,HSPB1,10728,PTGES3
3315,HSPB1,10927,SPIN1
3315,HSPB1,10938,EHD1
3315,HSPB1,10946,SF3A3
3315,HSPB1,10951,CBX1
3315,HSPB1,10971,YWHAQ
3315,HSPB1,11059,WWP1
3315,HSPB1,11136,SLC7A9
3315,HSPB1,11146,GLMN
3315,HSPB1,11149,POPDC1
3315,HSPB1,114883,OSBPL9
3315,HSPB1,115,ADCY9
3315,HSPB1,116988,AGAP3
3315,HSPB1,1182,CLCN3
3315,HSPB1,119016,AGAP4
3315,HSPB1,120,ADD3
3315,HSPB1,121355,GTSF1
3315,HSPB1,122258,SPACA7
3315,HSPB1,125488,TTC39C
3315,HSPB1,129852,CIMIP6
3315,HSPB1,131831,ERICH6
3315,HSPB1,134218,DNAJC21
3315,HSPB1,140807,KRT72
3315,HSPB1,1409,CRYAA
3315,HSPB1,1410,CRYAB
3315,HSPB1,1415,CRYBB2
3315,HSPB1,1431,CS
3315,HSPB1,144406,CFAP251
3315,HSPB1,152110,NEK10
3315,HSPB1,157,GRK3
3315,HSPB1,161142,GARIN2
3315,HSPB1,163,AP2B1
3315,HSPB1,1674,DES
3315,HSPB1,1676,DFFA
3315,HSPB1,1964,EIF1AX
3315,HSPB1,1965,EIF2S1
3315,HSPB1,1974,EIF4A2
3315,HSPB1,1981,EIF4G1
3315,HSPB1,1982,EIF4G2
3315,HSPB1,1983,EIF5
3315,HSPB1,2036,EPB41L1
3315,HSPB1,2037,EPB41L2
3315,HSPB1,207,AKT1
3315,HSPB1,2073,ERCC5
3315,HSPB1,2099,ESR1
3315,HSPB1,2288,FKBP4
3315,HSPB1,22938,SNW1
3315,HSPB1,23015,GOLGA8A
3315,HSPB1,23020,SNRNP200
3315,HSPB1,23136,EPB41L3
3315,HSPB1,2317,FLNB
3315,HSPB1,23216,TBC1D1
3315,HSPB1,23363,OBSL1
3315,HSPB1,23392,ECPAS
3315,HSPB1,23429,RYBP
3315,HSPB1,23527,ACAP2
3315,HSPB1,23582,CCNDBP1
3315,HSPB1,248,ALPI
3315,HSPB1,2495,FTH1
3315,HSPB1,25814,ATXN10
3315,HSPB1,25820,ARIH1
3315,HSPB1,25831,HECTD1
3315,HSPB1,25957,PNISR
3315,HSPB1,26060,APPL1
3315,HSPB1,26130,GAPVD1
3315,HSPB1,2617,GARS1
3315,HSPB1,262,AMD1
3315,HSPB1,2623,GATA1
3315,HSPB1,26353,HSPB8
3315,HSPB1,2665,GDI2
3315,HSPB1,27247,NFU1
3315,HSPB1,27258,LSM3
3315,HSPB1,284058,KANSL1
3315,HSPB1,286,ANK1
3315,HSPB1,2978,GUCA1A
3315,HSPB1,29950,SERTAD1
3315,HSPB1,301,ANXA1
3315,HSPB1,3069,HDLBP
3315,HSPB1,3181,HNRNPA2B1
3315,HSPB1,3184,HNRNPD
3315,HSPB1,3185,HNRNPF
3315,HSPB1,3188,HNRNPH2
3315,HSPB1,3192,HNRNPU
3315,HSPB1,3308,HSPA4
3315,HSPB1,3309,HSPA5
3315,HSPB1,3315,HSPB1
3315,HSPB1,3320,HSP90AA1
3315,HSPB1,3326,HSP90AB1
3315,HSPB1,339287,MSL1
3315,HSPB1,342979,PALM3
3315,HSPB1,3476,IGBP1
3315,HSPB1,3516,RBPJ
3315,HSPB1,3831,KLC1
3315,HSPB1,3839,KPNA3
3315,HSPB1,3875,KRT18
3315,HSPB1,3921,RPSA
3315,HSPB1,3929,LBP
3315,HSPB1,3978,LIG1
3315,HSPB1,4137,MAPT
3315,HSPB1,414059,TBC1D3B
3315,HSPB1,4175,MCM6
3315,HSPB1,4528,MTIF2
3315,HSPB1,4638,MYLK
3315,HSPB1,4673,NAP1L1
3315,HSPB1,4931,NVL
3315,HSPB1,51003,MED31
3315,HSPB1,51019,WASHC3
3315,HSPB1,51133,KCTD3
3315,HSPB1,51340,CRNKL1
3315,HSPB1,51434,ANAPC7
3315,HSPB1,51517,NCKIPSD
3315,HSPB1,51594,NBAS
3315,HSPB1,51649,MRPS23
3315,HSPB1,5168,ENPP2
3315,HSPB1,51692,CPSF3
3315,HSPB1,51763,INPP5K
3315,HSPB1,53918,PELO
3315,HSPB1,54535,CCHCR1
3315,HSPB1,54623,PAF1
3315,HSPB1,5464,PPA1
3315,HSPB1,54780,NSMCE4A
3315,HSPB1,54936,ADPRS
3315,HSPB1,5494,PPM1A
3315,HSPB1,55002,TMCO3
3315,HSPB1,55012,PPP2R3C
3315,HSPB1,55257,MRGBP
3315,HSPB1,55276,PGM2
3315,HSPB1,55660,PRPF40A
3315,HSPB1,55699,IARS2
3315,HSPB1,55812,SPATA7
3315,HSPB1,55815,TSNAXIP1
3315,HSPB1,5587,PRKD1
3315,HSPB1,55929,DMAP1
3315,HSPB1,56311,ANKRD7
3315,HSPB1,5684,PSMA3
3315,HSPB1,56850,GRIPAP1
3315,HSPB1,5687,PSMA6
3315,HSPB1,56888,KCMF1
3315,HSPB1,5690,PSMB2
3315,HSPB1,5700,PSMC1
3315,HSPB1,5707,PSMD1
3315,HSPB1,57159,TRIM54
3315,HSPB1,57623,ZFAT
3315,HSPB1,5774,PTPN3
3315,HSPB1,5786,PTPRA
3315,HSPB1,58517,RBM25
3315,HSPB1,5886,RAD23A
3315,HSPB1,5898,RALA
3315,HSPB1,60314,MYG1
3315,HSPB1,6275,S100A4
3315,HSPB1,6303,SAT1
3315,HSPB1,6305,SBF1
3315,HSPB1,6396,SEC13
3315,HSPB1,64105,CENPK
3315,HSPB1,645432,ARRDC5
3315,HSPB1,64976,MRPL40
3315,HSPB1,6595,SMARCA2
3315,HSPB1,6597,SMARCA4
3315,HSPB1,6602,SMARCD1
3315,HSPB1,6622,SNCA
3315,HSPB1,6636,SNRPF
3315,HSPB1,6711,SPTBN1
3315,HSPB1,6731,SRP72
3315,HSPB1,6829,SUPT5H
3315,HSPB1,6895,TARBP2
3315,HSPB1,6897,TARS1
3315,HSPB1,7041,TGFB1I1
3315,HSPB1,7157,TP53
3315,HSPB1,7178,TPT1
3315,HSPB1,7267,TTC3
3315,HSPB1,729092,AGAP5
3315,HSPB1,7353,UFD1
3315,HSPB1,7381,UQCRB
3315,HSPB1,7431,VIM
3315,HSPB1,7514,XPO1
3315,HSPB1,7520,XRCC5
3315,HSPB1,7529,YWHAB
3315,HSPB1,7531,YWHAE
3315,HSPB1,7533,YWHAH
3315,HSPB1,7534,YWHAZ
3315,HSPB1,7690,ZNF131
3315,HSPB1,7709,ZBTB17
3315,HSPB1,7798,LUZP1
3315,HSPB1,7867,MAPKAPK3
3315,HSPB1,79624,ARMT1
3315,HSPB1,79657,RPAP3
3315,HSPB1,79822,ARHGAP28
3315,HSPB1,80279,CDK5RAP3
3315,HSPB1,8087,FXR1
3315,HSPB1,81,ACTN4
3315,HSPB1,811,CALR
3315,HSPB1,81875,ISG20L2
3315,HSPB1,83446,CCDC70
3315,HSPB1,83861,RSPH3
3315,HSPB1,84060,RBM48
3315,HSPB1,84131,CEP78
3315,HSPB1,84133,ZNRF3
3315,HSPB1,84292,WDR83
3315,HSPB1,84300,UQCC2
3315,HSPB1,84320,ACBD6
3315,HSPB1,8443,GNPAT
3315,HSPB1,84457,PHYHIPL
3315,HSPB1,84614,ZBTB37
3315,HSPB1,84966,IGSF21
3315,HSPB1,8536,CAMK1
3315,HSPB1,8550,MAPKAPK5
3315,HSPB1,8563,THOC5
3315,HSPB1,8672,EIF4G3
3315,HSPB1,87,ACTN1
3315,HSPB1,87178,PNPT1
3315,HSPB1,8775,NAPA
3315,HSPB1,88,ACTN2
3315,HSPB1,8805,TRIM24
3315,HSPB1,8872,CDC123
3315,HSPB1,8874,ARHGEF7
3315,HSPB1,8878,SQSTM1
3315,HSPB1,892,CCNC
3315,HSPB1,90416,CCDC32
3315,HSPB1,90417,KNSTRN
3315,HSPB1,91624,NEXN
3315,HSPB1,91694,LONRF1
3315,HSPB1,9182,RASSF9
3315,HSPB1,92558,BICDL1
3315,HSPB1,9261,MAPKAPK2
3315,HSPB1,93323,HAUS8
3315,HSPB1,93426,SYCE1
3315,HSPB1,9343,EFTUD2
3315,HSPB1,9352,TXNL1
3315,HSPB1,9414,TJP2
3315,HSPB1,9446,GSTO1
3315,HSPB1,9513,FXR2
3315,HSPB1,9531,BAG3
3315,HSPB1,9584,RBM39
3315,HSPB1,9868,TOMM70
3315,HSPB1,9878,TOX4
3315,HSPB1,9978,RBX1
3423,IDS,10841,FTCD
3423,IDS,3362,HTR6
3423,IDS,84458,LCOR
3423,IDS,861,RUNX1
3568,IL5RA,3567,IL5
3568,IL5RA,3717,JAK2
3568,IL5RA,6386,SDCBP
3568,IL5RA,9094,UNC119
3594,IL12RB1,1080,CFTR
3594,IL12RB1,51561,IL23A
3594,IL12RB1,6634,SNRPD3
3817,KLK2,5269,SERPINB6
3949,LDLR,1600,DAB1
3949,LDLR,166,TLE5
3949,LDLR,219402,MTIF3
3949,LDLR,255738,PCSK9
3949,LDLR,26119,LDLRAP1
3949,LDLR,29116,MYLIP
3949,LDLR,2923,PDIA3
3949,LDLR,338,APOB
3949,LDLR,348,APOE
3949,LDLR,350,APOH
3949,LDLR,4043,LRPAP1
3949,LDLR,4134,MAP4
5156,PDGFRA,1398,CRK
5156,PDGFRA,147872,KASH5
5156,PDGFRA,1956,EGFR
5156,PDGFRA,1969,EPHA2
5156,PDGFRA,2064,ERBB2
5156,PDGFRA,2065,ERBB3
5156,PDGFRA,2264,FGFR4
5156,PDGFRA,403313,PLPP6
5156,PDGFRA,4609,MYC
5156,PDGFRA,5154,PDGFA
5156,PDGFRA,5155,PDGFB
5156,PDGFRA,5159,PDGFRB
5156,PDGFRA,5290,PIK3CA
5156,PDGFRA,5335,PLCG1
5156,PDGFRA,56034,PDGFC
5156,PDGFRA,5606,MAP2K3
5156,PDGFRA,5781,PTPN11
5156,PDGFRA,6732,SRPK1
5156,PDGFRA,7048,TGFBR2
5156,PDGFRA,80328,ULBP2
5156,PDGFRA,867,CBL
51726,DNAJB11,197131,UBR1
51726,DNAJB11,27131,SNX5
51726,DNAJB11,3309,HSPA5
51726,DNAJB11,3347,HTN3
51726,DNAJB11,339,APOBEC1
51726,DNAJB11,375484,SIMC1
51726,DNAJB11,5764,PTN
51726,DNAJB11,7917,BAG6
54431,DNAJC10,3309,HSPA5
54431,DNAJC10,4110,MAGEA11
54431,DNAJC10,8878,SQSTM1
55288,RHOT1,5071,PRKN
5553,PRG2,1107,CHD3
5553,PRG2,84060,RBM48
56975,FAM20C,1447,CSN2
56975,FAM20C,213,ALB
56975,FAM20C,2243,FGA
56975,FAM20C,255738,PCSK9
56975,FAM20C,4924,NUCB1
56975,FAM20C,54757,FAM20A
56975,FAM20C,5554,PRH1
56975,FAM20C,5555,PRH2
56975,FAM20C,6696,SPP1
56975,FAM20C,813,CALU
5727,PTCH1,10413,YAP1
5727,PTCH1,10488,CREB3
5727,PTCH1,10513,APPBP2
5727,PTCH1,11112,HIBADH
5727,PTCH1,131450,CD200R1
5727,PTCH1,200232,FAM209A
5727,PTCH1,2040,STOM
5727,PTCH1,6469,SHH
5727,PTCH1,7113,TMPRSS2
5727,PTCH1,891,CCNB1
5727,PTCH1,89858,SIGLEC12
5727,PTCH1,972,CD74
5727,PTCH1,973,CD79A
5954,RCN1,1070,CETN3
5954,RCN1,10912,GADD45G
5954,RCN1,114327,EFHC1
5954,RCN1,140461,ASB8
5954,RCN1,4004,LMO1
5954,RCN1,4005,LMO2
5954,RCN1,444,ASPH
5954,RCN1,54557,SGTB
5954,RCN1,55885,LMO3
5954,RCN1,57862,ZNF410
5954,RCN1,6310,ATXN1
5954,RCN1,6449,SGTA
5954,RCN1,80344,DCAF11
5954,RCN1,83541,FAM110A
5954,RCN1,84080,ENKD1
5954,RCN1,8543,LMO4
5954,RCN1,91647,ATPAF2
6158,RPL28,23582,CCNDBP1
6158,RPL28,5607,MAP2K5
64100,ELSPBP1,4654,MYOD1
64100,ELSPBP1,6886,TAL1
6901,TAFAZZIN,1080,CFTR
6901,TAFAZZIN,1114,CHGB
6901,TAFAZZIN,7003,TEAD1
6901,TAFAZZIN,8945,BTRC
6901,TAFAZZIN,9113,LATS1
6997,CRIPTO,10980,COPS6
6997,CRIPTO,1175,AP2S1
6997,CRIPTO,2192,FBLN1
6997,CRIPTO,2193,FARSA
6997,CRIPTO,2661,GDF9
6997,CRIPTO,283,ANG
6997,CRIPTO,4838,NODAL
6997,CRIPTO,7917,BAG6
6997,CRIPTO,91,ACVR1B
6997,CRIPTO,92,ACVR2A
6997,CRIPTO,93,ACVR2B
713,C1QB,29978,UBQLN2
713,C1QB,5970,RELA
713,C1QB,60401,EDA2R
713,C1QB,708,C1QBP
713,C1QB,712,C1QA
7186,TRAF2,10010,TANK
7186,TRAF2,10024,TROAP
7186,TRAF2,10078,TSSC4
7186,TRAF2,10241,CALCOCO2
7186,TRAF2,10253,SPRY2
7186,TRAF2,1027,CDKN1B
7186,TRAF2,10293,TRAIP
7186,TRAF2,10529,NEBL
7186,TRAF2,10551,AGR2
7186,TRAF2,10623,POLR3C
7186,TRAF2,10636,RGS14
7186,TRAF2,10664,CTCF
7186,TRAF2,10667,FARS2
7186,TRAF2,10758,TRAF3IP2
7186,TRAF2,10783,NEK6
7186,TRAF2,10811,NOXA1
7186,TRAF2,10892,MALT1
7186,TRAF2,11063,SOX30
7186,TRAF2,11069,RAPGEF4
7186,TRAF2,11072,DUSP14
7186,TRAF2,11074,TRIM31
7186,TRAF2,11140,CDC37
7186,TRAF2,11170,FAM107A
7186,TRAF2,113802,HENMT1
7186,TRAF2,114327,EFHC1
7186,TRAF2,1147,CHUK
7186,TRAF2,116349,EXOC3-AS1
7186,TRAF2,116835,HSPA12B
7186,TRAF2,117144,CATSPER1
7186,TRAF2,117283,IP6K3
7186,TRAF2,118738,ZNF488
7186,TRAF2,126353,MISP
7186,TRAF2,127665,ZNF648
7186,TRAF2,128178,EDARADD
7186,TRAF2,128553,TSHZ2
7186,TRAF2,135892,TRIM50
7186,TRAF2,137209,ZNF572
7186,TRAF2,1407,CRY1
7186,TRAF2,1408,CRY2
7186,TRAF2,140831,ZSWIM3
7186,TRAF2,1412,CRYBA2
7186,TRAF2,143884,CWF19L2
7186,TRAF2,145483,FAM161B
7186,TRAF2,146542,ZNF688
7186,TRAF2,147687,ZNF417
7186,TRAF2,148022,TICAM1
7186,TRAF2,148398,SAMD11
7186,TRAF2,150248,C22orf15
7186,TRAF2,150771,ITPRIPL1
7186,TRAF2,151254,C2CD6
7186,TRAF2,153527,ZMAT2
7186,TRAF2,1540,CYLD
7186,TRAF2,154865,IQUB
7186,TRAF2,1656,DDX6
7186,TRAF2,166,TLE5
7186,TRAF2,166793,ZBTB49
7186,TRAF2,166979,CDC20B
7186,TRAF2,170082,TCEANC
7186,TRAF2,170954,PPP1R18
7186,TRAF2,171482,FAM9A
7186,TRAF2,1838,DTNB
7186,TRAF2,1856,DVL2
7186,TRAF2,1857,DVL3
7186,TRAF2,1859,DYRK1A
7186,TRAF2,1956,EGFR
7186,TRAF2,201798,TIGD4
7186,TRAF2,2033,EP300
7186,TRAF2,2039,DMTN
7186,TRAF2,2120,ETV6
7186,TRAF2,2130,EWSR1
7186,TRAF2,220004,SAXO4
7186,TRAF2,2202,EFEMP1
7186,TRAF2,220929,ZNF438
7186,TRAF2,222696,ZSCAN23
7186,TRAF2,22800,RRAS2
7186,TRAF2,22893,BAHD1
7186,TRAF2,22921,MSRB2
7186,TRAF2,23043,TNIK
7186,TRAF2,23099,ZBTB43
7186,TRAF2,23132,RAD54L2
7186,TRAF2,23199,GSE1
7186,TRAF2,23219,FBXO28
7186,TRAF2,23495,TNFRSF13B
7186,TRAF2,254187,TSGA10IP
7186,TRAF2,2553,GABPB1
7186,TRAF2,256302,NATD1
7186,TRAF2,25801,GCA
7186,TRAF2,25959,KANK2
7186,TRAF2,25978,CHMP2B
7186,TRAF2,25988,HINFP
7186,TRAF2,26003,GORASP2
7186,TRAF2,26009,ZZZ3
7186,TRAF2,26060,APPL1
7186,TRAF2,26150,RIBC2
7186,TRAF2,2622,GAS8
7186,TRAF2,26240,FAM50B
7186,TRAF2,2669,GEM
7186,TRAF2,27125,AFF4
7186,TRAF2,27156,RSPH14
7186,TRAF2,27238,GPKOW
7186,TRAF2,27300,ZNF544
7186,TRAF2,27301,APEX2
7186,TRAF2,283385,MORN3
7186,TRAF2,284058,KANSL1
7186,TRAF2,284257,BOD1L2
7186,TRAF2,285753,CEP57L1
7186,TRAF2,287015,TRIM42
7186,TRAF2,29110,TBK1
7186,TRAF2,29123,ANKRD11
7186,TRAF2,2950,GSTP1
7186,TRAF2,2954,GSTZ1
7186,TRAF2,29994,BAZ2B
7186,TRAF2,3198,HOXA1
7186,TRAF2,3215,HOXB5
7186,TRAF2,329,BIRC2
7186,TRAF2,330,BIRC3
7186,TRAF2,340527,NHSL2
7186,TRAF2,340706,VWA2
7186,TRAF2,342132,ZNF774
7186,TRAF2,3551,IKBKB
7186,TRAF2,358,AQP1
7186,TRAF2,3604,TNFRSF9
7186,TRAF2,3615,IMPDH2
7186,TRAF2,3662,IRF4
7186,TRAF2,3705,ITPK1
7186,TRAF2,3801,KIFC3
7186,TRAF2,388407,LINC02875
7186,TRAF2,388695,LYSMD1
7186,TRAF2,389114,ZNF662
7186,TRAF2,391257,SUMO1P1
7186,TRAF2,3983,ABLIM1
7186,TRAF2,4055,LTBR
7186,TRAF2,414301,DDI1
7186,TRAF2,4214,MAP3K1
7186,TRAF2,4217,MAP3K5
7186,TRAF2,4236,MFAP1
7186,TRAF2,4342,MOS
7186,TRAF2,4356,MPP3
7186,TRAF2,441282,AKR1B15
7186,TRAF2,4591,TRIM37
7186,TRAF2,4665,NAB2
7186,TRAF2,4739,NEDD9
7186,TRAF2,4783,NFIL3
7186,TRAF2,4804,NGFR
7186,TRAF2,4899,NRF1
7186,TRAF2,51008,ASCC1
7186,TRAF2,51142,CHCHD2
7186,TRAF2,51194,IPO11
7186,TRAF2,51224,ELOA2
7186,TRAF2,51274,KLF3
7186,TRAF2,5129,CDK18
7186,TRAF2,51324,SPG21
7186,TRAF2,51330,TNFRSF12A
7186,TRAF2,51421,AMOTL2
7186,TRAF2,51603,METTL13
7186,TRAF2,51700,CYB5R2
7186,TRAF2,51760,SYT17
7186,TRAF2,5178,PEG3
7186,TRAF2,5300,PIN1
7186,TRAF2,53358,SHC3
7186,TRAF2,53820,RIPPLY3
7186,TRAF2,54469,ZFAND6
7186,TRAF2,54532,USP53
7186,TRAF2,54535,CCHCR1
7186,TRAF2,54870,QRICH1
7186,TRAF2,54925,ZSCAN32
7186,TRAF2,5493,PPL
7186,TRAF2,54971,BANP
7186,TRAF2,55083,KIF26B
7186,TRAF2,55138,FAM90A1
7186,TRAF2,55195,CCDC198
7186,TRAF2,55209,SETD5
7186,TRAF2,55285,RBM41
7186,TRAF2,5565,PRKAB2
7186,TRAF2,55707,NECAP2
7186,TRAF2,55758,RCOR3
7186,TRAF2,5585,PKN1
7186,TRAF2,56006,SMG9
7186,TRAF2,56243,KIAA1217
7186,TRAF2,56850,GRIPAP1
7186,TRAF2,5689,PSMB1
7186,TRAF2,56923,NMUR2
7186,TRAF2,5715,PSMD9
7186,TRAF2,57332,CBX8
7186,TRAF2,57506,MAVS
7186,TRAF2,57595,PDZD4
7186,TRAF2,57616,TSHZ3
7186,TRAF2,57862,ZNF410
7186,TRAF2,58500,ZNF250
7186,TRAF2,5859,QARS1
7186,TRAF2,5871,MAP4K2
7186,TRAF2,5886,RAD23A
7186,TRAF2,5991,RFX3
7186,TRAF2,604,BCL6
7186,TRAF2,6047,RNF4
7186,TRAF2,60491,NIF3L1
7186,TRAF2,60496,AASDHPPT
7186,TRAF2,6310,ATXN1
7186,TRAF2,63898,SH2D4A
7186,TRAF2,64398,PALS1
7186,TRAF2,64518,TEKT3
7186,TRAF2,64641,EBF2
7186,TRAF2,64763,ZNF574
7186,TRAF2,64778,FNDC3B
7186,TRAF2,64927,TTC23
7186,TRAF2,6615,SNAI1
7186,TRAF2,6650,CAPN15
7186,TRAF2,6660,SOX5
7186,TRAF2,6919,TCEA2
7186,TRAF2,705,BYSL
7186,TRAF2,7064,THOP1
7186,TRAF2,7124,TNF
7186,TRAF2,7128,TNFAIP3
7186,TRAF2,7133,TNFRSF1B
7186,TRAF2,7185,TRAF1
7186,TRAF2,7186,TRAF2
7186,TRAF2,7187,TRAF3
7186,TRAF2,7188,TRAF5
7186,TRAF2,7189,TRAF6
7186,TRAF2,7293,TNFRSF4
7186,TRAF2,7295,TXN
7186,TRAF2,7316,UBC
7186,TRAF2,7321,UBE2D1
7186,TRAF2,7322,UBE2D2
7186,TRAF2,7329,UBE2I
7186,TRAF2,7334,UBE2N
7186,TRAF2,7341,SUMO1
7186,TRAF2,7391,USF1
7186,TRAF2,7525,YES1
7186,TRAF2,7584,ZNF35
7186,TRAF2,7597,ZBTB25
7186,TRAF2,7681,MKRN3
7186,TRAF2,7703,PCGF2
7186,TRAF2,7704,ZBTB16
7186,TRAF2,7716,VEZF1
7186,TRAF2,7755,ZNF205
7186,TRAF2,7874,USP7
7186,TRAF2,79005,SCNM1
7186,TRAF2,79027,ZNF655
7186,TRAF2,79165,LENG1
7186,TRAF2,7918,GPANK1
7186,TRAF2,79616,CCNJL
7186,TRAF2,79622,SNRNP25
7186,TRAF2,79642,ARSJ
7186,TRAF2,79696,ZC2HC1C
7186,TRAF2,79706,PRKRIP1
7186,TRAF2,79843,FAM124B
7186,TRAF2,79873,NUDT18
7186,TRAF2,80011,PSME3IP1
7186,TRAF2,80125,CCDC33
7186,TRAF2,80256,ATOSB
7186,TRAF2,80317,ZKSCAN3
7186,TRAF2,80764,THAP7
7186,TRAF2,8087,FXR1
7186,TRAF2,8115,TCL1A
7186,TRAF2,81576,YJU2B
7186,TRAF2,81847,RNF146
7186,TRAF2,8204,NRIP1
7186,TRAF2,8312,AXIN1
7186,TRAF2,83444,INO80B
7186,TRAF2,83445,GSG1
7186,TRAF2,83461,CDCA3
7186,TRAF2,83593,RASSF5
7186,TRAF2,83707,TRPT1
7186,TRAF2,84080,ENKD1
7186,TRAF2,84140,FAM161A
7186,TRAF2,84256,FLYWCH1
7186,TRAF2,84294,UTP23
7186,TRAF2,84309,NUDT16L1
7186,TRAF2,84333,PCGF5
7186,TRAF2,84445,LZTS2
7186,TRAF2,84498,FAM120B
7186,TRAF2,84547,PGBD1
7186,TRAF2,8456,FOXN1
7186,TRAF2,84707,BEX2
7186,TRAF2,84708,LNX1
7186,TRAF2,84807,NFKBID
7186,TRAF2,84832,ANKRD36BP1
7186,TRAF2,8517,IKBKG
7186,TRAF2,85403,EAF1
7186,TRAF2,8559,PRPF18
7186,TRAF2,8678,BECN1
7186,TRAF2,8717,TRADD
7186,TRAF2,8737,RIPK1
7186,TRAF2,8764,TNFRSF14
7186,TRAF2,8784,TNFRSF18
7186,TRAF2,8792,TNFRSF11A
7186,TRAF2,8877,SPHK1
7186,TRAF2,89,ACTN3
7186,TRAF2,8915,BCL10
7186,TRAF2,8936,WASF1
7186,TRAF2,89885,FATE1
7186,TRAF2,9020,MAP3K14
7186,TRAF2,9063,PIAS2
7186,TRAF2,9099,USP2
7186,TRAF2,91544,UBXN11
7186,TRAF2,91694,LONRF1
7186,TRAF2,91893,FDXACB1
7186,TRAF2,9205,ZMYM5
7186,TRAF2,92129,RIPPLY1
7186,TRAF2,92610,TIFA
7186,TRAF2,939,CD27
7186,TRAF2,943,TNFRSF8
7186,TRAF2,9459,ARHGEF6
7186,TRAF2,9513,FXR2
7186,TRAF2,9555,MACROH2A1
7186,TRAF2,958,CD40
7186,TRAF2,9580,SOX13
7186,TRAF2,9586,CREB5
7186,TRAF2,9610,RIN1
7186,TRAF2,9641,IKBKE
7186,TRAF2,9724,UTP14C
7186,TRAF2,9726,ZNF646
7186,TRAF2,9729,KIAA0408
7186,TRAF2,9747,TCAF1
7186,TRAF2,9787,DLGAP5
7186,TRAF2,9825,SPATA2
7186,TRAF2,9830,TRIM14
7186,TRAF2,9841,ZBTB24
7186,TRAF2,9883,POM121
7186,TRAF2,9915,ARNT2
765,CA6,125115,KRT40
765,CA6,3881,KRT31
765,CA6,388677,NOTCH2NLA
7706,TRIM25,10146,G3BP1
7706,TRIM25,10713,USP39
7706,TRIM25,10971,YWHAQ
7706,TRIM25,11329,STK38
7706,TRIM25,118424,UBE2J2
7706,TRIM25,1398,CRK
7706,TRIM25,2099,ESR1
7706,TRIM25,23405,DICER1
7706,TRIM25,23586,RIGI
7706,TRIM25,2623,GATA1
7706,TRIM25,2898,GRIK2
7706,TRIM25,324,APC
7706,TRIM25,3480,IGF1R
7706,TRIM25,406881,MIRLET7A1
7706,TRIM25,4212,MEIS2
7706,TRIM25,5076,PAX2
7706,TRIM25,51619,UBE2D4
7706,TRIM25,5308,PITX2
7706,TRIM25,55072,RNF31
7706,TRIM25,55294,FBXW7
7706,TRIM25,56829,ZC3HAV1
7706,TRIM25,5728,PTEN
7706,TRIM25,574031,MIR363
7706,TRIM25,5795,PTPRJ
7706,TRIM25,6794,STK11
7706,TRIM25,688,KLF5
7706,TRIM25,7189,TRAF6
7706,TRIM25,7316,UBC
7706,TRIM25,7321,UBE2D1
7706,TRIM25,7322,UBE2D2
7706,TRIM25,7323,UBE2D3
7706,TRIM25,7332,UBE2L3
7706,TRIM25,7334,UBE2N
7706,TRIM25,7517,XRCC3
7706,TRIM25,7572,ZNF24
7706,TRIM25,81603,TRIM8
7706,TRIM25,9112,MTA1
7706,TRIM25,9908,G3BP2
84617,TUBB6,6613,SUMO2
8547,FCN3,10747,MASP2
8547,FCN3,5648,MASP1
8547,FCN3,8547,FCN3
8604,SLC25A12,3727,JUND
8836,GGH,54557,SGTB
90701,SEC11C,10385,BTN2A2
90701,SEC11C,11098,PRSS23
90701,SEC11C,11277,TREX1
90701,SEC11C,131616,TMEM42
90701,SEC11C,140606,SELENOM
90701,SEC11C,203062,TSNARE1
90701,SEC11C,23673,STX12
90701,SEC11C,27230,SERP1
90701,SEC11C,3162,HMOX1
90701,SEC11C,344892,RTP2
90701,SEC11C,403313,PLPP6
90701,SEC11C,51465,UBE2J1
90701,SEC11C,56947,MFF
90701,SEC11C,57863,CADM3
90701,SEC11C,6319,SCD
90701,SEC11C,6843,VAMP1
90701,SEC11C,717,C2
90701,SEC11C,79161,TMEM243
90701,SEC11C,80195,TMEM254
90701,SEC11C,85013,TMEM128
90701,SEC11C,8674,VAMP4
90701,SEC11C,9218,VAPA
9093,DNAJA3,10498,CARM1
9093,DNAJA3,10542,LAMTOR5
9093,DNAJA3,122786,FRMD6
9093,DNAJA3,151254,C2CD6
9093,DNAJA3,23028,KDM1A
9093,DNAJA3,2355,FOSL2
9093,DNAJA3,27124,INPP5J
9093,DNAJA3,27141,CIDEB
9093,DNAJA3,29948,OSGIN1
9093,DNAJA3,3313,HSPA9
9093,DNAJA3,348487,FAM131C
9093,DNAJA3,375791,CYSRT1
9093,DNAJA3,4792,NFKBIA
9093,DNAJA3,4793,NFKBIB
9093,DNAJA3,55170,PRMT6
9093,DNAJA3,5970,RELA
9093,DNAJA3,6310,ATXN1
9093,DNAJA3,6598,SMARCB1
9093,DNAJA3,6941,TCF19
9093,DNAJA3,7428,VHL
9093,DNAJA3,775,CACNA1C
9093,DNAJA3,79050,NOC4L
9093,DNAJA3,79571,GCC1
9093,DNAJA3,80022,MYO15B
9093,DNAJA3,80256,ATOSB
9093,DNAJA3,8087,FXR1
9093,DNAJA3,8161,COIL
9093,DNAJA3,8576,STK16
9093,DNAJA3,9278,ZBTB22
9450,LY86,351,APP
9450,LY86,4064,CD180
9450,LY86,50628,GEMIN4
9507,ADAMTS4,7704,ZBTB16
9507,ADAMTS4,91746,YTHDC1
9601,PDIA4,2923,PDIA3
9601,PDIA4,353332,KRTAP12-1
9601,PDIA4,386681,KRTAP10-8
9601,PDIA4,3934,LCN2
9601,PDIA4,5479,PPIB
